交易对,方向,名义杠杆,开仓时间,开仓均价,平仓均价,收益率,收益,累计收益,实际杠杆,当前回撤,价格波幅,收益增幅
JUP-USDT-SWAP,多,10,2025/5/23 10:56,0.6155,0.6111,-7.15%,-180,-180,2.56 ,1.8%,-0.71%,-1.8%
WIF-USDT-SWAP,空,10,2025/5/23 12:51,1.3291,1.2905,29.03%,386,206,1.30 ,0.0%,-2.90%,3.9%
WIF-USDT-SWAP,空,10,2025/5/23 14:41,1.2348,1.2001,28.17%,870,1076,2.80 ,0.0%,-2.81%,8.5%
WIF-USDT-SWAP,空,10,2025/5/24 15:56,1.1107,1.1048,5.32%,59,1135,1.00 ,0.0%,-0.53%,0.5%
ETH-USDT-SWAP,多,10,2025/5/24 18:48,2570,2547.36,-8.81%,-260,875,2.71 ,2.3%,-0.88%,-2.3%
WIF-USDT-SWAP,空,10,2025/5/25 15:18,1.0753,1.0307,41.50%,446,1321,0.95 ,0.0%,-4.15%,4.1%
BONK-USDT-SWAP,空,10,2025/5/25 17:00,0.00001994,0.00001942,26.08%,312,1633,1.03 ,0.0%,-2.61%,2.8%
BOME-USDT-SWAP,空,9,2025/5/25 17:49,0.002207,0.002134,29.77%,365,1998,0.92 ,0.0%,-3.31%,3.1%
WIF-USDT-SWAP,空,10,2025/5/26 1:13,1.1239,1.1328,-8.01%,-180,1818,1.92 ,1.5%,0.79%,-1.5%
BONK-USDT-SWAP,空,10,2025/5/26 8:55,0.00002135,0.00002067,31.86%,340,2158,0.88 ,0.0%,-3.19%,2.9%
BOME-USDT-SWAP,空,9,2025/5/26 10:50,0.002281,0.00231,-11.51%,-292,1866,1.94 ,2.4%,1.27%,-2.4%
BOME-USDT-SWAP,空,9,2025/5/27 22:49,0.002315,0.0023,5.84%,150,2016,1.93 ,1.2%,-0.65%,1.3%
BONK-USDT-SWAP,空,10,2025/5/27 22:50,0.00002071,0.00001994,37.19%,770,2786,1.62 ,0.0%,-3.72%,6.4%
WIF-USDT-SWAP,空,10,2025/5/27 22:50,1.1191,1.1078,10.10%,226,3012,1.72 ,0.0%,-1.01%,1.8%
ETH-USDT-250606,多,20,2025/5/29 1:03,2658.78,2730.38,53.86%,854,3866,2.29 ,0.0%,2.69%,6.6%
ETH-USDT-250606,多,20,2025/5/29 1:03,2658.78,2730.38,53.86%,854,4720,2.15 ,0.0%,2.69%,6.2%
ETH-USDT-250926,多,20,2025/5/29 1:15,2716.91,2782.9,48.59%,660,5380,1.77 ,0.0%,2.43%,4.5%
TAO-USDT-SWAP,多,10,2025/5/31 14:26,408.8,427.2,45.01%,1840,7220,2.37 ,0.0%,4.50%,12.0%
ETH-USDT-SWAP,空,10,2025/5/31 20:58,2566,2599.18,-12.94%,-996,6224,4.75 ,5.8%,1.29%,-5.8%
WIF-USDT-SWAP,空,10,2025/6/2 11:43,0.857,0.8252,37.18%,1115,7339,1.73 ,0.0%,-3.71%,6.9%
BONK-USDT-SWAP,空,10,2025/6/2 11:43,0.00001657,0.00001462,117.69%,2925,10264,1.23 ,0.0%,-11.77%,16.9%
BOME-USDT-SWAP,空,9,2025/6/4 9:48,0.001973,0.001994,-9.58%,-126,10138,0.59 ,0.6%,1.06%,-0.6%
BOME-USDT-SWAP,空,9,2025/6/5 21:50,0.00183,0.001664,81.64%,830,10968,0.44 ,0.0%,-9.07%,4.1%
COMP-USDT-SWAP,多,10,2025/6/6 16:10,47.3957,49.4742,43.86%,1455,12423,1.48 ,0.0%,4.39%,6.9%
WIF-USDT-SWAP,空,10,2025/6/9 17:32,0.9018,0.9,2.04%,18.3,12441.3,0.41 ,0.0%,-0.20%,0.1%
WIF-USDT-SWAP,空,10,2025/6/10 11:45,1.0205,1.0092,11.08%,113,12554.3,0.45 ,0.0%,-1.11%,0.5%
AAVE-USDT-SWAP,多,10,2025/6/10 20:35,309.35,310.98,5.28%,131,12685.3,1.10 ,0.0%,0.53%,0.6%
ENS-USDT-SWAP,多,10,2025/6/11 9:28,24.2876,24.307,0.80%,6.01,12691.31,0.33 ,0.0%,0.08%,0.0%
ENS-USDT-SWAP,多,10,2025/6/11 13:53,22.9,22.2845,-26.88%,-923,11768.31,1.58 ,4.1%,-2.69%,-4.1%
BONK-USDT-SWAP,空,10,2025/6/11 15:59,0.00001781,0.00001671,61.77%,2200,13968.31,1.49 ,0.0%,-6.18%,10.1%
WIF-USDT-SWAP,空,10,2025/6/11 16:48,1.0084,0.9488,59.19%,1194,15162.31,0.80 ,0.0%,-5.91%,5.0%
BONK-USDT-SWAP,空,10,2025/6/12 12:37,0.00001632,0.00001394,145.84%,4760,19922.31,1.09 ,0.0%,-14.58%,18.9%
WIF-USDT-SWAP,空,10,2025/6/12 12:37,0.9369,0.8155,129.64%,6073,25995.31,1.30 ,0.0%,-12.96%,20.3%
WIF-USDT-SWAP,空,10,2025/6/13 23:11,0.8526,0.774,92.18%,3144,29139.31,0.87 ,0.0%,-9.22%,8.7%
BONK-USDT-SWAP,空,10,2025/6/14 8:12,0.00001469,0.00001426,29.28%,1591,30730.31,1.33 ,0.0%,-2.93%,4.1%
TAO-USDT-SWAP,多,10,2025/6/15 1:08,295,296.6,5.43%,160,30890.31,0.72 ,0.0%,0.54%,0.4%
WIF-USDT-SWAP,多,10,2025/6/18 13:53,0.7861,0.775,-14.13%,-111,30779.31,0.19 ,0.3%,-1.41%,-0.3%
BONK-USDT-SWAP,多,10,2025/6/18 23:56,0.0000138,0.00001414,24.64%,680,31459.31,0.67 ,0.0%,2.46%,1.7%
WIF-USDT-SWAP,多,10,2025/6/19 9:07,0.7857,0.7849,-0.90%,-15.6,31443.71,0.37 ,0.0%,-0.10%,0.0%
BONK-USDT-SWAP,空,10,2025/6/20 10:57,0.00001427,0.00001236,133.85%,4775,36218.71,0.77 ,0.0%,-13.38%,11.5%
WIF-USDT-SWAP,空,10,2025/6/20 11:04,0.7608,0.6645,126.60%,5779,41997.71,0.88 ,0.0%,-12.66%,12.5%
HYPE-USDT-SWAP,空,10,2025/6/20 23:06,35.8959,32.534,93.66%,3362,45359.71,0.65 ,0.0%,-9.37%,6.5%
ETH-USDT-SWAP,多,10,2025/6/22 23:18,2201.04,2249.08,21.83%,2669,48028.71,2.11 ,0.0%,2.18%,4.8%
AAVE-USDT-SWAP,多,10,2025/6/23 22:08,235.01,225.14,-42.01%,-973,47055.71,0.41 ,1.7%,-4.20%,-1.7%
TAO-USDT-SWAP,多,10,2025/6/23 23:16,300,309.8,32.67%,980,48035.71,0.52 ,0.0%,3.27%,1.7%
WIF-USDT-SWAP,空,10,2025/6/24 1:02,0.7294,0.8448,-158.22%,-8078,39957.71,1.02 ,13.9%,15.82%,-13.9%
BONK-USDT-SWAP,空,10,2025/6/24 6:58,0.00001388,0.00001412,-17.30%,-720,39237.71,0.85 ,15.2%,1.73%,-1.4%
HYPE-USDT-SWAP,空,10,2025/6/24 14:02,37.7835,38.0695,-7.58%,-286,38951.71,0.77 ,15.7%,0.76%,-0.6%
ETH-USDT-SWAP,空,10,2025/6/25 8:42,2437.39,2437,0.17%,17.5,38969.21,2.23 ,15.6%,-0.02%,0.0%
WIF-USDT-SWAP,多,10,2025/6/25 12:25,0.8344,0.85,18.72%,2186,41155.21,2.29 ,11.9%,1.87%,4.5%
TAO-USDT-SWAP,多,10,2025/6/25 13:00,338.5,341.3,8.28%,140,41295.21,0.33 ,11.6%,0.83%,0.3%
WIF-USDT-SWAP,多,10,2025/6/25 20:39,0.8486,0.8486,0%,0,41295.21,#DIV/0!,11.6%,0.00%,0.0%
BONK-USDT-SWAP,多,10,2025/6/29 13:19,0.00001467,0.0000215,465.58%,20500,61795.21,0.61 ,0.0%,46.56%,40.0%
MOODENG-USDT-SWAP,多,9,2025/7/8 9:32,0.1778,0.1764,-7.23%,-143,61652.21,0.25 ,0.2%,-0.79%,-0.2%
PNUT-USDT-SWAP,多,10,2025/7/9 10:04,0.2242,0.2871,280.56%,12600,74252.21,0.53 ,0.0%,28.06%,17.6%
WIF-USDT-SWAP,多,10,2025/7/10 11:19,0.9602,1.0183,60.59%,2908,77160.21,0.55 ,0.0%,6.05%,3.5%
PEOPLE-USDT-SWAP,多,8,2025/7/11 18:56,0.02277,0.02273,-1.41%,-121,77039.21,0.79 ,0.1%,-0.18%,-0.1%
WIF-USDT-SWAP,空,10,2025/7/13 22:38,1.0249,0.9837,40.27%,4127,81166.21,1.13 ,0.0%,-4.02%,4.7%
AIXBT-USDT-SWAP,多,7,2025/7/15 12:36,0.1478,0.148,1.14%,48,81214.21,0.39 ,0.0%,0.14%,0.1%
BONK-USDT-SWAP,空,10,2025/7/15 16:26,0.00002869,0.00002823,16.04%,460,81674.21,0.31 ,0.0%,-1.60%,0.5%
MOODENG-USDT-SWAP,多,9,2025/7/15 22:05,0.1894,0.2075,85.98%,7238,88912.21,0.77 ,0.0%,9.56%,7.9%
AIXBT-USDT-SWAP,多,7,2025/7/15 22:52,0.147,0.147,-0.20%,-2,88910.21,#DIV/0!,0.0%,0.00%,0.0%
PEOPLE-USDT-SWAP,多,8,2025/7/16 16:59,0.02188,0.02373,67.65%,1850,90760.21,0.22 ,0.0%,8.46%,1.9%
ETH-USDT-SWAP,多,10,2025/7/17 1:46,3294.41,3380.63,26.18%,86.2,90846.41,0.03 ,0.0%,2.62%,0.1%
BTC-USDT-SWAP,空,20,2025/7/17 6:24,119376.2,119224.3,2.55%,1.52,90847.93,0.01 ,0.0%,-0.13%,0.0%
WIF-USDT-SWAP,空,10,2025/7/17 7:13,1.0817,1.0605,19.68%,1703,92550.93,0.85 ,0.0%,-1.96%,1.7%
BTC-USDT-SWAP,空,20,2025/7/17 7:13,118583.39,118287.7,4.99%,591,93141.93,2.30 ,0.0%,-0.25%,0.6%
SUSHI-USDT-SWAP,多,8,2025/7/18 14:39,0.9899,0.9936,3.02%,167,93308.93,0.43 ,0.0%,0.37%,0.2%
SUSHI-USDT-SWAP,多,10,2025/7/19 13:38,1.0211,1.0282,6.94%,708,94016.93,0.98 ,0.0%,0.70%,0.7%
CFX-USDT-SWAP,多,8,2025/7/20 12:40,0.1195,0.1457,175.27%,1550,95566.93,0.07 ,0.0%,21.92%,1.5%
ETH-USDT-251226,多,20,2025/7/20 21:43,3857.99,3856.52,-0.77%,-11.1,95555.83,0.28 ,0.0%,-0.04%,0.0%
WIF-USDT-SWAP,多,10,2025/7/20 22:13,1.2323,1.2304,-1.53%,-226,95329.83,1.39 ,0.2%,-0.15%,-0.2%
DOGE-USDT-SWAP,多,10,2025/7/21 1:39,0.265,0.2727,29.22%,1728,97057.83,0.56 ,0.0%,2.91%,1.6%
BONK-USDT-SWAP,多,10,2025/7/21 14:36,0.00003536,0.00003537,0.29%,20,97077.83,0.66 ,0.0%,0.03%,0.0%
BONK-USDT-SWAP,多,10,2025/7/21 20:08,0.00003544,0.00003485,-16.65%,-590,96487.83,0.33 ,0.6%,-1.66%,-0.6%
SOL-USDT-SWAP,多,10,2025/7/22 10:27,204.23,198.39,-28.55%,-2514,93973.83,0.85 ,2.9%,-2.86%,-2.4%
WIF-USDT-SWAP,空,10,2025/7/22 13:15,1.2371,1.173,51.82%,6411,100384.83,1.12 ,0.0%,-5.18%,6.2%
PEOPLE-USDT-SWAP,空,8,2025/7/22 14:55,0.02338,0.02334,1.37%,40,100424.83,0.21 ,0.0%,-0.17%,0.0%
BONK-USDT-SWAP,空,10,2025/7/22 17:03,0.00003407,0.00003422,-4.41%,-225,100199.83,0.46 ,0.2%,0.44%,-0.2%
CFX-USDT-SWAP,空,8,2025/7/23 1:30,0.1712,0.1692,9.35%,60,100259.83,0.05 ,0.1%,-1.17%,0.1%
PENGU-USDT-SWAP,空,9,2025/7/23 1:42,0.04184,0.04262,-16.64%,-773,99486.83,0.38 ,0.8%,1.86%,-0.7%
SOL-USDT-SWAP,多,10,2025/7/24 10:55,191.27,186.9,-22.85%,-1748,97738.83,0.71 ,2.4%,-2.28%,-1.6%
BONK-USDT-SWAP,多,10,2025/7/24 18:11,0.00003506,0.00003222,-81.01%,-3692,94046.83,0.44 ,5.8%,-8.10%,-3.4%
BONK-USDT-SWAP,空,10,2025/7/25 10:36,0.00003348,0.00003303,13.45%,1035,95081.83,0.73 ,4.8%,-1.34%,1.0%
WIF-USDT-SWAP,空,10,2025/7/25 10:37,1.0158,1.0135,2.23%,136,95217.83,0.57 ,4.7%,-0.23%,0.1%
ETH-USDT-SWAP,空,10,2025/7/25 10:39,3653.86,3644.71,2.51%,183,95400.83,0.69 ,4.5%,-0.25%,0.2%
WIF-USDT-SWAP,空,10,2025/7/25 17:07,1.0426,1.0535,-10.46%,-109,95291.83,0.10 ,4.6%,1.05%,-0.1%
WIF-USDT-SWAP,空,10,2025/7/28 9:29,1.1103,1.1112,-0.82%,-45,95246.83,0.53 ,4.7%,0.08%,0.0%
PENGU-USDT-SWAP,空,9,2025/7/28 9:29,0.04308,0.0423,16.33%,391,95637.83,0.20 ,4.3%,-1.81%,0.4%
BONK-USDT-SWAP,空,10,2025/7/28 10:08,0.00003498,0.00002717,223.28%,21900,117537.83,0.77 ,0.0%,-22.33%,20.7%
WIF-USDT-SWAP,空,10,2025/7/29 1:44,1.0728,0.9915,75.79%,4065,121602.83,0.41 ,0.0%,-7.58%,3.2%
LTC-USDT-SWAP,多,10,2025/7/31 7:28,110.73,110.41,-2.89%,-96,121506.83,0.25 ,0.1%,-0.29%,-0.1%
CFX-USDT-SWAP,多,8,2025/7/31 12:41,0.2202,0.2139,-22.79%,-1129,120377.83,0.30 ,0.9%,-2.86%,-0.9%
PENGU-USDT-SWAP,空,9,2025/8/1 22:08,0.03376,0.03516,-37.31%,-2799,117578.83,0.53 ,3.1%,4.15%,-2.1%
WIF-USDT-SWAP,空,10,2025/8/1 22:56,0.9124,0.8837,31.38%,573,118151.83,0.14 ,2.6%,-3.15%,0.4%
ETH-USDT-251226,多,10,2025/8/2 12:31,3650.22,4752.26,301.92%,143000,261151.83,1.75 ,0.0%,30.19%,111.6%
ETH-USDT-SWAP,多,10,2025/8/11 16:57,4535.54,4530.55,-1.11%,-150,261001.83,0.50 ,0.1%,-0.11%,-0.1%
PENGU-USDT-SWAP,多,8,2025/8/13 17:33,0.03749,0.03698,-10.86%,-509,260492.83,0.14 ,0.2%,-1.36%,-0.2%
ARB-USDT-SWAP,多,10,2025/8/15 1:47,0.5279,0.5284,0.86%,90,260582.83,0.35 ,0.2%,0.09%,0.0%
ETH-USDT-SWAP,多,10,2025/8/15 10:14,4616.99,4634.35,3.77%,174,260756.83,0.17 ,0.1%,0.38%,0.1%
ETH-USDT-SWAP,多,10,2025/8/16 21:56,4329.13,4431.65,23.69%,15900,276656.83,2.34 ,0.0%,2.37%,5.9%
ETH-USDT-251226,多,10,2025/8/17 9:16,4596.57,4809.35,46.30%,12800,289456.83,0.92 ,0.0%,4.63%,4.5%
WIF-USDT-SWAP,空,10,2025/8/17 17:13,0.8999,0.8914,9.45%,0.85,289457.68,0.00 ,0.0%,-0.94%,0.0%
ARB-USDT-SWAP,多,10,2025/8/17 23:48,0.5482,0.5226,-46.70%,-512,288945.68,0.04 ,0.2%,-4.67%,-0.2%
ARB-USDT-SWAP,多,10,2025/8/23 4:03,0.5998,0.5744,-42.35%,-762,288183.68,0.06 ,0.4%,-4.23%,-0.3%
WIF-USDT-SWAP,空,10,2025/8/23 10:50,0.8661,0.7852,93.49%,8098,296281.68,0.28 ,0.0%,-9.34%,2.7%
PENGU-USDT-SWAP,空,10,2025/8/23 10:51,0.03532,0.03042,138.61%,14700,310981.68,0.33 ,0.0%,-13.87%,4.8%
BONK-USDT-SWAP,空,10,2025/8/23 10:52,0.00002192,0.00002053,63.42%,4170,315151.68,0.20 ,0.0%,-6.34%,1.3%
SOL-USDT-SWAP,多,10,2025/8/26 17:26,189.42,202.71,70.14%,26600,341751.68,1.08 ,0.0%,7.02%,8.2%
PENGU-USDT-SWAP,空,10,2025/8/27 19:01,0.03094,0.03016,25.25%,3906,345657.68,0.44 ,0.0%,-2.52%,1.1%
PENGU-USDT-SWAP,空,10,2025/8/27 19:01,0.03094,0.03016,25.25%,3906,349563.68,0.43 ,0.0%,-2.52%,1.1%
BONK-USDT-SWAP,空,8,2025/8/27 23:15,0.00002143,0.0000211,12.32%,1650,351213.68,0.30 ,0.0%,-1.54%,0.5%
WIF-USDT-SWAP,空,8,2025/8/27 23:31,0.8235,0.8214,2.03%,250,351463.68,0.27 ,0.0%,-0.26%,0.1%
ETH-USDT-SWAP,空,10,2025/8/28 10:15,4500.76,4325.72,38.90%,36800,388263.68,2.38 ,0.0%,-3.89%,10.2%
BONK-USDT-SWAP,多,8,2025/8/30 21:30,0.00002177,0.00002262,31.24%,2550,390813.68,0.16 ,0.0%,3.90%,0.6%
SOL-USDT-SWAP,空,10,2025/9/1 10:35,204.03,202.99,5.09%,5187,396000.68,2.51 ,0.0%,-0.51%,1.3%
WLFI-USDT-SWAP,空,10,2025/9/1 15:07,0.3225,0.25,224.84%,21800,417800.68,0.23 ,0.0%,-22.48%,5.4%
PENGU-USDT-SWAP,多,10,2025/9/2 11:55,0.02906,0.02941,11.88%,1380,419180.68,0.27 ,0.0%,1.20%,0.3%
BTC-USDT-SWAP,多,10,2025/9/8 9:54,110872.36,115764.67,44.13%,63600,482780.68,2.92 ,0.0%,4.41%,14.8%
PENGU-USDT-SWAP,多,8,2025/9/9 0:50,0.03368,0.03636,63.60%,18700,501480.68,0.46 ,0.0%,7.96%,3.8%
HYPE-USDT-SWAP,多,10,2025/9/9 13:48,53.8772,55.053,21.83%,2940,504420.68,0.26 ,0.0%,2.18%,0.6%
YGG-USDT-SWAP,多,4,2025/9/12 13:57,0.2342,0.2345,0.39%,34.1,504454.78,0.05 ,0.0%,0.13%,0.0%
ETH-USDT-SWAP,空,10,2025/9/13 15:25,4585.86,4345.56,52.41%,33600,538054.78,1.17 ,0.0%,-5.24%,6.5%
SOL-USDT-SWAP,空,10,2025/9/14 11:51,246.74,228.25,74.95%,27700,565754.78,0.64 ,0.0%,-7.49%,5.1%
PENGU-USDT-SWAP,空,10,2025/9/17 2:12,0.03467,0.03022,128.31%,24500,590254.78,0.32 ,0.0%,-12.84%,4.3%
WIF-USDT-SWAP,空,10,2025/9/18 2:57,0.9103,0.9681,-63.61%,-579,589675.78,0.02 ,0.1%,6.35%,-0.1%
XPL-USDT-SWAP,多,5,2025/9/22 19:02,0.7508,0.7614,7.01%,3154,592829.78,0.37 ,0.0%,1.41%,0.5%
ASTER-USDT-SWAP,多,10,2025/9/23 22:07,2.0736,2.0308,-20.65%,-856,591973.78,0.07 ,0.1%,-2.06%,-0.1%
AVAX-USDT-SWAP,多,10,2025/9/24 12:12,33.0804,30.465,-79.07%,-52300,539673.78,1.20 ,8.8%,-7.91%,-8.7%
ASTER-USDT-SWAP,多,10,2025/9/24 12:12,1.9863,2.361,188.68%,25800,565473.78,0.24 ,4.5%,18.86%,4.7%
XPL-USDT-SWAP,多,10,2025/9/24 12:13,0.6672,0.782,172.07%,16100,581573.78,0.16 ,1.9%,17.21%,2.8%
XPL-USDT-SWAP,多,10,2025/9/25 21:17,0.9131,1.2931,416.17%,76000,657573.78,0.27 ,0.0%,41.62%,12.8%
SOL-USDT-SWAP,多,10,2025/9/25 21:59,198.2,198.39,0.94%,369,657942.78,0.58 ,0.0%,0.10%,0.1%
ETH-USDT-SWAP,多,10,2025/9/26 12:47,3941.78,4000,14.77%,20400,678342.78,2.01 ,0.0%,1.48%,3.1%
WIF-USDT-SWAP,空,10,2025/9/28 16:25,0.7228,0.7274,-6.36%,-635,677707.78,0.15 ,0.1%,0.64%,-0.1%
PENGU-USDT-SWAP,空,10,2025/9/29 20:05,0.02779,0.02868,-31.95%,-1596,676111.78,0.07 ,0.3%,3.20%,-0.2%
WIF-USDT-SWAP,空,10,2025/9/29 20:07,0.6988,0.7343,-50.81%,-508,675603.78,0.01 ,0.4%,5.08%,-0.1%
ETH-USDT-SWAP,空,10,2025/9/29 21:46,4153.65,4283.59,-31.29%,-25600,650003.78,1.24 ,4.1%,3.13%,-3.7%
SOL-USDT-SWAP,空,10,2025/9/29 21:47,208.07,215.12,-33.92%,-20400,629603.78,0.94 ,7.1%,3.39%,-3.1%
SOL-USDT-SWAP,空,10,2025/10/2 23:11,224.63,232.79,-36.33%,-28600,601003.78,1.29 ,11.2%,3.63%,-4.5%
ETH-USDT-SWAP,空,10,2025/10/2 23:11,4380.07,4471.7,-20.92%,-18300,582703.78,1.48 ,13.9%,2.09%,-3.0%
ETH-USDT-SWAP,空,10,2025/10/4 1:18,4501.01,4492.61,1.87%,420,583123.78,0.38 ,13.8%,-0.19%,0.1%
ETH-USDT-SWAP,空,10,2025/10/6 15:45,4516.4,4516.3,0.03%,10.8,583134.58,0.82 ,13.8%,0.00%,0.0%
XPL-USDT-SWAP,多,10,2025/10/7 11:01,1.0402,0.9538,-83.13%,-13000,570134.58,0.27 ,15.7%,-8.31%,-2.2%
SOL-USDT-SWAP,空,10,2025/10/8 9:42,222.12,221.03,4.89%,3258,573392.58,1.14 ,15.2%,-0.49%,0.6%
ETH-USDT-SWAP,空,10,2025/10/9 11:10,4428,4378.54,11.17%,2473,575865.58,0.38 ,14.9%,-1.12%,0.4%
PENGU-USDT-SWAP,空,10,2025/10/9 16:45,0.03045,0.03064,-6.28%,-382,575483.58,0.10 ,14.9%,0.62%,-0.1%
WIF-USDT-SWAP,空,6,2025/10/9 16:46,0.709,0.7106,-1.34%,-158,575325.58,0.12 ,15.0%,0.23%,0.0%
BNB-USDT-SWAP,空,10,2025/10/9 17:00,1282.3,1282.5,-0.16%,-20,575305.58,0.22 ,15.0%,0.02%,0.0%
BNB-USDT-SWAP,空,10,2025/10/9 23:29,1236.7,1108.8,103.43%,19200,594505.58,0.31 ,12.2%,-10.34%,3.3%
WIF-USDT-SWAP,空,10,2025/10/9 23:47,0.6948,0.4843,302.85%,10500,605005.58,0.06 ,10.7%,-30.30%,1.7%
BONK-USDT-SWAP,空,10,2025/10/10 11:46,0.00001932,0.00001903,15.02%,290,605295.58,0.03 ,10.6%,-1.50%,0.0%
SOL-USDT-SWAP,空,10,2025/10/10 13:22,220.59,220.54,0.23%,50,605345.58,0.36 ,10.6%,-0.02%,0.0%
BNB-USDT-SWAP,多,10,2025/10/11 17:18,1123.6,1122.2,-1.25%,-420,604925.58,0.55 ,10.7%,-0.12%,-0.1%
OKB-USDT-SWAP,多,5,2025/10/12 0:14,179.29,169.69,-26.78%,-960,603965.58,0.03 ,10.8%,-5.35%,-0.2%
XPL-USDT-SWAP,多,10,2025/10/12 12:24,0.4118,0.4525,98.66%,1219,605184.58,0.02 ,10.6%,9.88%,0.2%
ASTER-USDT-SWAP,多,10,2025/10/12 20:16,1.439,1.4923,37.04%,1066,606250.58,0.05 ,10.5%,3.70%,0.2%
BTC-USDT-SWAP,多,50,2025/10/13 0:08,113925.4,113910.4,-0.66%,-90,606160.58,1.11 ,10.5%,-0.01%,0.0%
ETH-USDT-SWAP,多,50,2025/10/13 15:28,4152.99,4088.64,-77.48%,-4505,601655.58,0.48 ,11.1%,-1.55%,-0.7%
BTC-USDT-SWAP,多,10,2025/10/13 23:47,114209.08,112454.8,-15.37%,-21100,580555.58,2.33 ,14.2%,-1.54%,-3.4%
WIF-USDT-SWAP,空,10,2025/10/14 13:48,0.5593,0.4854,132.18%,7393,587948.58,0.09 ,13.1%,-13.21%,1.3%
BONK-USDT-SWAP,空,10,2025/10/14 13:49,0.00001569,0.00001347,141.50%,8880,596828.58,0.10 ,11.8%,-14.15%,1.5%
PENGU-USDT-SWAP,空,10,2025/10/14 13:49,0.02381,0.02034,145.43%,6926,603754.58,0.08 ,10.8%,-14.57%,1.1%
PEPE-USDT-SWAP,空,10,2025/10/14 13:50,0.0000075,0.00000746,5.34%,120,603874.58,0.04 ,10.8%,-0.53%,0.0%
SOL-USDT-SWAP,空,10,2025/10/14 15:24,196.82,183.73,66.47%,17000,620874.58,0.41 ,8.3%,-6.65%,2.8%
BNB-USDT-SWAP,空,10,2025/10/15 16:22,1205.6,1150.7,45.54%,2745,623619.58,0.10 ,7.9%,-4.55%,0.4%
XPL-USDT-SWAP,多,10,2025/10/17 3:53,0.4335,0.4242,-21.46%,-93,623526.58,0.01 ,8.0%,-2.15%,0.0%
ETH-USDT-SWAP,空,10,2025/10/17 15:01,3797.52,3725.79,18.89%,7174,630700.58,0.59 ,6.9%,-1.89%,1.1%
BNB-USDT-SWAP,空,10,2025/10/17 16:11,1040.2,1047,-6.54%,-340,630360.58,0.08 ,7.0%,0.65%,-0.1%
XPL-USDT-SWAP,多,10,2025/10/17 19:09,0.3944,0.4189,61.99%,4890,635250.58,0.12 ,6.3%,6.21%,0.8%
BTC-USDT-SWAP,多,50,2025/10/17 19:43,105436.66,108192.39,130.69%,13800,649050.58,0.80 ,4.3%,2.61%,2.1%
ETH-USDT-SWAP,多,100,2025/10/18 1:02,3856.37,3866.13,25.32%,976,650026.58,0.58 ,4.1%,0.25%,0.1%
BIO-USDT-SWAP,多,10,2025/10/20 14:35,0.1056,0.09703,-81.39%,-1719,648307.58,0.03 ,4.4%,-8.12%,-0.3%
ETH-USDT-260327,多,10,2025/10/21 14:19,3960.64,3962.24,0.41%,16,648323.58,0.06 ,4.4%,0.04%,0.0%
SOL-USDT-SWAP,多,10,2025/10/22 0:36,194.06,182.42,-59.97%,-19800,628523.58,0.52 ,7.2%,-6.00%,-3.0%
WIF-USDT-SWAP,空,10,2025/10/23 20:55,0.5279,0.4734,103.38%,13600,642123.58,0.20 ,5.3%,-10.32%,2.1%
ETH-USDT-SWAP,多,100,2025/10/24 10:49,3927.4,3927.92,1.33%,78,642201.58,0.90 ,5.3%,0.01%,0.0%
PENGU-USDT-SWAP,空,10,2025/10/26 10:59,0.02092,0.01569,249.74%,15700,657901.58,0.09 ,3.0%,-25.00%,2.4%
BONK-USDT-SWAP,空,10,2025/10/26 15:23,0.00001475,0.00001234,163.39%,12100,670001.58,0.11 ,1.2%,-16.34%,1.8%
ETH-USDT-SWAP,多,100,2025/10/28 0:45,4192.5,4093.03,-237.25%,-5968,664033.58,0.37 ,2.1%,-2.37%,-0.9%
SOL-USDT-SWAP,空,10,2025/10/28 10:57,200.58,199.87,3.54%,71,664104.58,0.03 ,2.1%,-0.35%,0.0%
ETH-USDT-SWAP,多,100,2025/10/28 14:45,4099.27,4099.08,-0.47%,-5.76,664098.82,0.18 ,2.1%,0.00%,0.0%
SOL-USDT-SWAP,空,10,2025/10/28 18:38,199.77,200.32,-2.73%,-545,663553.82,0.29 ,2.1%,0.28%,-0.1%
BTC-USDT-SWAP,空,10,2025/10/29 10:51,110441.68,108564.15,17.01%,15000,678553.82,1.28 ,0.0%,-1.70%,2.2%
ETH-USDT-SWAP,空,10,2025/10/29 15:18,3937.31,3631.57,77.66%,30600,709153.82,0.55 ,0.0%,-7.77%,4.4%
GIGGLE-USDT-SWAP,空,10,2025/10/29 15:54,152.22,152.09,0.85%,6.46,709160.28,0.01 ,0.0%,-0.09%,0.0%
SOL-USDT-SWAP,空,10,2025/10/30 1:19,194.71,194.38,1.70%,165,709325.28,0.14 ,0.0%,-0.17%,0.0%
ASTER-USDT-SWAP,多,10,2025/11/2 22:40,1.1765,1.18,2.96%,38.3,709363.58,0.02 ,0.0%,0.30%,0.0%
SOL-USDT-SWAP,空,10,2025/11/3 0:06,183.16,169.27,75.79%,6940,716303.58,0.13 ,0.0%,-7.58%,1.0%
BTC-USDT-SWAP,多,10,2025/11/4 13:24,105577.98,103911.9,-15.79%,-4998,711305.58,0.44 ,0.7%,-1.58%,-0.7%
BTC-USDT-SWAP,多,10,2025/11/4 22:54,104364.45,101523.8,-27.22%,-28400,682905.58,1.51 ,4.6%,-2.72%,-3.9%
SOL-USDT-SWAP,多,10,2025/11/4 23:35,163.5,158.52,-30.46%,-498,682407.58,0.02 ,4.7%,-3.05%,-0.1%
BTC-USDT-SWAP,多,10,2025/11/5 1:33,101167.78,101575.4,4.03%,4076,686483.58,1.45 ,4.1%,0.40%,0.6%
ETH-USDT-SWAP,多,10,2025/11/5 8:46,3222.28,3296.59,23.06%,11100,697583.58,0.68 ,2.6%,2.31%,1.6%
BTC-USDT-SWAP,空,10,2025/11/5 21:46,103048.96,103177.22,-1.25%,-385,697198.58,0.44 ,2.6%,0.12%,-0.1%
XPL-USDT-SWAP,多,10,2025/11/5 21:55,0.3113,0.2927,-59.46%,-3701,693497.58,0.09 ,3.1%,-5.97%,-0.5%
ETH-USDT-SWAP,多,10,2025/11/8 0:27,3300,3404.82,31.77%,10500,703997.58,0.46 ,1.7%,3.18%,1.5%
AR-USDT-SWAP,多,10,2025/11/8 0:52,6.805,8.1906,203.63%,1386,705383.58,0.01 ,1.5%,20.36%,0.2%
PEOPLE-USDT-SWAP,多,10,2025/11/8 1:03,0.01563,0.01359,-130.73%,-1022,704361.58,0.01 ,1.6%,-13.05%,-0.1%
ZEC-USDT-SWAP,空,10,2025/11/9 16:18,645,644,1.56%,200,704561.58,0.18 ,1.6%,-0.16%,0.0%
ZEC-USDT-SWAP,空,10,2025/11/11 9:13,527.23,447.66,150.93%,46.9,704608.48,0.00 ,1.6%,-15.09%,0.0%
BTC-USDT-SWAP,多,10,2025/11/11 9:40,104713.73,102145.52,-24.53%,-23100,681508.48,1.36 ,4.8%,-2.45%,-3.2%
BTC-USDT-SWAP,多,10,2025/11/13 3:08,95000,95109.22,1.15%,1092,682600.48,1.37 ,4.6%,0.11%,0.2%
BTC-USDT-SWAP,多,10,2025/11/13 14:18,103149.5,103888,7.16%,2761,685361.48,0.55 ,4.3%,0.72%,0.4%
ZEC-USDT-SWAP,空,10,2025/11/13 22:42,482.72,501.75,-39.42%,-4186,681175.48,0.15 ,4.8%,3.94%,-0.6%
ETH-USDT-SWAP,多,10,2025/11/14 13:06,3158.32,3182.66,7.71%,365,681540.48,0.07 ,4.8%,0.77%,0.1%
ZEC-USDT-SWAP,空,10,2025/11/15 11:51,706.36,700,9.01%,44.5,681584.98,0.01 ,4.8%,-0.90%,0.0%
