交易对,方向,开仓时间,开仓时间戳,开仓价,平仓时间,平仓时间戳,平仓价,数量,收益,收益率,手续费,原因,仓位,累计收益,实际杠杆,当前回撤
TAO-USDT-SWAP,多,2025-05-06 04:00:00,1746504000000,377.05770200,2025-05-06 09:00:00,1746522000000,365.78341800,4.159165,-48.75,-0.0311,1.85,移动止盈/止损,0.1568,-48.75,0.1568,0.0000
TAO-USDT-SWAP,多,2025-05-07 00:00:00,1746576000000,384.08840500,2025-05-07 05:00:00,1746594000000,367.11328500,2.931485,-51.08,-0.0454,1.32,移动止盈/止损,0.1131,-99.83,0.1131,-0.0051
ZEC-USDT-SWAP,多,2025-05-07 00:00:00,1746576000000,38.38383800,2025-05-07 07:00:00,1746601200000,37.71622800,35.014701,-24.97,-0.0186,1.60,移动止盈/止损,0.1351,-124.80,0.1351,-0.0076
LTC-USDT-SWAP,多,2025-05-07 00:00:00,1746576000000,92.79927900,2025-05-07 12:00:00,1746619200000,90.64093500,13.078415,-29.67,-0.0244,1.44,移动止盈/止损,0.1220,-154.47,0.1220,-0.0106
BNB-USDT-SWAP,多,2025-05-07 12:00:00,1746619200000,608.19081300,2025-05-07 14:00:00,1746626400000,602.86970700,8.094921,-48.96,-0.0099,5.88,移动止盈/止损,0.5000,-203.43,0.5000,-0.0155
BCH-USDT-SWAP,多,2025-05-08 00:00:00,1746662400000,384.51844800,2025-05-08 01:00:00,1746666000000,406.60933500,3.275855,70.81,0.0562,1.55,移动止盈/止损,0.1276,-132.62,0.1276,-0.0084
ZEC-USDT-SWAP,多,2025-05-07 16:00:00,1746633600000,38.56385600,2025-05-08 09:00:00,1746694800000,39.70602900,37.070637,40.60,0.0284,1.74,移动止盈/止损,0.1459,-92.02,0.1459,-0.0043
BCH-USDT-SWAP,多,2025-05-08 04:00:00,1746676800000,413.90138600,2025-05-08 12:00:00,1746705600000,411.01889400,2.036353,-6.88,-0.0082,1.01,移动止盈/止损,0.0844,-98.89,0.0844,-0.0050
BTC-USDT-SWAP,多,2025-05-08 00:00:00,1746662400000,97734.87251000,2025-05-08 15:00:00,1746716400000,100720.72692000,0.040369,115.73,0.0293,4.81,移动止盈/止损,0.3998,16.84,0.3998,0.0000
WIF-USDT-SWAP,多,2025-05-08 16:00:00,1746720000000,0.66616661,2025-05-09 03:00:00,1746759600000,0.66463353,1570.263373,-3.66,-0.0035,1.25,移动止盈/止损,0.1041,13.17,0.1041,-0.0004
BCH-USDT-SWAP,多,2025-05-08 16:00:00,1746720000000,420.57205300,2025-05-09 09:00:00,1746781200000,408.51914400,2.966161,-37.23,-0.0298,1.48,移动止盈/止损,0.1242,-24.05,0.1242,-0.0041
PENDLE-USDT-SWAP,多,2025-05-08 12:00:00,1746705600000,3.56635660,2025-05-09 14:00:00,1746799200000,3.81141882,337.659697,81.25,0.0675,1.49,移动止盈/止损,0.1209,57.20,0.1209,0.0000
BOME-USDT-SWAP,多,2025-05-09 04:00:00,1746763200000,0.00175118,2025-05-10 00:00:00,1746835200000,0.00208179,624151.937201,204.92,0.1875,1.44,移动止盈/止损,0.1090,262.12,0.1090,0.0000
BOME-USDT-SWAP,多,2025-05-10 00:00:00,1746835200000,0.00208221,2025-05-10 01:00:00,1746838800000,0.00204880,232646.380423,-8.35,-0.0172,0.58,移动止盈/止损,0.0473,253.77,0.0473,-0.0008
DOT-USDT-SWAP,多,2025-05-10 04:00:00,1746849600000,5.05550550,2025-05-11 01:00:00,1746925200000,5.09249070,262.899056,8.12,0.0061,1.60,移动止盈/止损,0.1290,261.89,0.1290,-0.0000
WIF-USDT-SWAP,多,2025-05-10 00:00:00,1746835200000,0.78007800,2025-05-11 02:00:00,1746928800000,0.89601039,952.172605,109.43,0.1473,0.96,移动止盈/止损,0.0725,371.32,0.0725,0.0000
NEAR-USDT-SWAP,多,2025-05-09 12:00:00,1746792000000,2.92829280,2025-05-11 07:00:00,1746946800000,3.18368160,390.220363,98.23,0.0860,1.43,移动止盈/止损,0.1122,469.55,0.1122,0.0000
OP-USDT-SWAP,多,2025-05-11 04:00:00,1746936000000,0.92429242,2025-05-11 07:00:00,1746946800000,0.86501349,845.980954,-51.06,-0.0653,0.91,移动止盈/止损,0.0743,418.49,0.0743,-0.0049
FIL-USDT-SWAP,多,2025-05-11 04:00:00,1746936000000,3.27032700,2025-05-11 07:00:00,1746946800000,3.13768620,450.882280,-61.54,-0.0417,1.73,移动止盈/止损,0.1402,356.95,0.1402,-0.0108
BOME-USDT-SWAP,多,2025-05-11 12:00:00,1746964800000,0.00221022,2025-05-11 21:00:00,1746997200000,0.00219478,397607.428879,-7.19,-0.0082,1.05,移动止盈/止损,0.0849,349.76,0.0849,-0.0114
ZEC-USDT-SWAP,多,2025-05-11 20:00:00,1746993600000,44.45444500,2025-05-12 05:00:00,1747026000000,44.00559900,23.631229,-11.86,-0.0113,1.25,移动止盈/止损,0.1016,337.90,0.1016,-0.0126
TAO-USDT-SWAP,多,2025-05-12 00:00:00,1747008000000,473.32732800,2025-05-12 08:00:00,1747036800000,468.15318000,3.036304,-17.43,-0.0121,1.72,移动止盈/止损,0.1387,320.48,0.1387,-0.0142
BONK-USDT-SWAP,多,2025-05-12 08:00:00,1747036800000,0.02528453,2025-05-12 12:00:00,1747051200000,0.02350665,23679.324628,-42.79,-0.0715,0.69,移动止盈/止损,0.0576,277.69,0.0576,-0.0183
WIF-USDT-SWAP,多,2025-05-12 04:00:00,1747022400000,1.12851284,2025-05-12 13:00:00,1747054800000,1.17888210,548.685252,26.88,0.0434,0.76,移动止盈/止损,0.0598,304.56,0.0598,-0.0158
LINK-USDT-SWAP,多,2025-05-12 08:00:00,1747036800000,17.57675750,2025-05-12 14:00:00,1747058400000,16.89431040,75.826951,-53.32,-0.0400,1.57,移动止盈/止损,0.1282,251.25,0.1282,-0.0209
DOT-USDT-SWAP,多,2025-05-12 12:00:00,1747051200000,5.31953190,2025-05-12 14:00:00,1747058400000,5.12948700,256.798700,-50.41,-0.0369,1.61,移动止盈/止损,0.1326,200.83,0.1326,-0.0257
ETH-USDT-SWAP,多,2025-05-13 16:00:00,1747152000000,2597.10968500,2025-05-14 02:00:00,1747188000000,2636.90628300,0.719603,26.38,0.0141,2.26,移动止盈/止损,0.1832,227.21,0.1832,-0.0231
PENDLE-USDT-SWAP,多,2025-05-13 12:00:00,1747137600000,4.09660962,2025-05-14 03:00:00,1747191600000,4.13178678,277.079385,8.38,0.0074,1.37,移动止盈/止损,0.1113,235.59,0.1113,-0.0223
BOME-USDT-SWAP,多,2025-05-13 16:00:00,1747152000000,0.00296930,2025-05-14 08:00:00,1747209600000,0.00284072,163016.792672,-21.53,-0.0445,0.57,移动止盈/止损,0.0474,214.06,0.0474,-0.0244
AVAX-USDT-SWAP,多,2025-05-14 04:00:00,1747195200000,26.49464920,2025-05-14 08:00:00,1747209600000,25.43245650,57.792592,-63.19,-0.0413,1.80,移动止盈/止损,0.1495,150.87,0.1495,-0.0304
VIRTUAL-USDT-SWAP,多,2025-05-18 16:00:00,1747584000000,2.07210719,2025-05-18 18:00:00,1747591200000,1.96140384,391.723446,-44.31,-0.0546,0.95,移动止盈/止损,0.0800,106.56,0.0800,-0.0347
BTC-USDT-SWAP,多,2025-05-18 16:00:00,1747584000000,105799.77892000,2025-05-18 18:00:00,1747591200000,104445.25443000,0.047470,-70.29,-0.0140,5.99,移动止盈/止损,0.4948,36.27,0.4948,-0.0414
TON-USDT-SWAP,多,2025-05-18 16:00:00,1747584000000,3.18411838,2025-05-18 18:00:00,1747591200000,3.11188878,765.797343,-58.21,-0.0239,2.89,移动止盈/止损,0.2402,-21.93,0.2402,-0.0469
PENDLE-USDT-SWAP,多,2025-05-20 04:00:00,1747713600000,4.43944390,2025-05-20 12:00:00,1747742400000,4.31776818,251.561899,-31.93,-0.0286,1.32,移动止盈/止损,0.1119,-53.86,0.1119,-0.0500
TRUMP-USDT-SWAP,多,2025-05-20 20:00:00,1747771200000,13.72537240,2025-05-20 23:00:00,1747782000000,14.44555530,81.162465,57.08,0.0512,1.37,移动止盈/止损,0.1120,3.22,0.1120,-0.0445
BNB-USDT-SWAP,多,2025-05-21 04:00:00,1747800000000,661.39613300,2025-05-21 07:00:00,1747810800000,653.12468100,5.143050,-46.60,-0.0137,4.06,移动止盈/止损,0.3401,-43.38,0.3401,-0.0490
BTC-USDT-SWAP,多,2025-05-21 04:00:00,1747800000000,107258.12474000,2025-05-21 09:00:00,1747818000000,106143.78456000,0.030690,-38.13,-0.0116,3.93,移动止盈/止损,0.3291,-81.51,0.3291,-0.0526
TRUMP-USDT-SWAP,多,2025-05-21 04:00:00,1747800000000,14.57045690,2025-05-21 17:00:00,1747846800000,14.20757910,65.449690,-24.88,-0.0261,1.13,移动止盈/止损,0.0953,-106.39,0.0953,-0.0550
ZEN-USDT-SWAP,多,2025-05-21 12:00:00,1747828800000,9.71497140,2025-05-21 17:00:00,1747846800000,9.61903800,131.112967,-14.10,-0.0111,1.52,移动止盈/止损,0.1286,-120.49,0.1286,-0.0564
TAO-USDT-SWAP,多,2025-05-21 20:00:00,1747857600000,444.16441200,2025-05-22 22:00:00,1747951200000,462.48374700,2.240322,39.82,0.0400,1.22,移动止盈/止损,0.1009,-80.67,0.1009,-0.0526
BOME-USDT-SWAP,多,2025-05-22 00:00:00,1747872000000,0.00244024,2025-05-23 05:00:00,1747976400000,0.00262874,307730.522321,57.07,0.0760,0.94,移动止盈/止损,0.0759,-23.60,0.0759,-0.0471
WIF-USDT-SWAP,多,2025-05-21 16:00:00,1747843200000,1.15061505,2025-05-23 06:00:00,1747980000000,1.23097689,557.734906,44.02,0.0686,0.80,移动止盈/止损,0.0644,20.43,0.0644,-0.0429
ZEC-USDT-SWAP,多,2025-05-23 00:00:00,1747958400000,49.91499100,2025-05-23 07:00:00,1747983600000,47.80521900,20.791194,-45.08,-0.0434,1.22,移动止盈/止损,0.1035,-24.66,0.1035,-0.0472
SOL-USDT-SWAP,多,2025-05-23 08:00:00,1747987200000,186.18861700,2025-05-23 11:00:00,1747998000000,177.86221200,10.168124,-86.88,-0.0459,2.22,移动止盈/止损,0.1898,-111.54,0.1898,-0.0555
ZEC-USDT-SWAP,多,2025-05-25 16:00:00,1748188800000,51.42514200,2025-05-26 02:00:00,1748224800000,51.51484800,21.304484,0.60,0.0005,1.32,移动止盈/止损,0.1108,-110.95,0.1108,-0.0554
UNI-USDT-SWAP,多,2025-05-26 12:00:00,1748260800000,6.62266220,2025-05-26 14:00:00,1748268000000,6.42335760,245.060496,-50.76,-0.0313,1.92,移动止盈/止损,0.1641,-161.71,0.1641,-0.0603
TRX-USDT-SWAP,多,2025-05-27 04:00:00,1748318400000,0.27543754,2025-05-27 12:00:00,1748347200000,0.27521248,17861.176526,-9.92,-0.0020,5.90,移动止盈/止损,0.5000,-171.63,0.5000,-0.0612
UNI-USDT-SWAP,多,2025-05-27 08:00:00,1748332800000,6.70967090,2025-05-27 14:00:00,1748354400000,6.49535040,189.441855,-42.10,-0.0331,1.50,移动止盈/止损,0.1286,-213.73,0.1286,-0.0653
BNB-USDT-SWAP,多,2025-05-27 12:00:00,1748347200000,683.63835700,2025-05-27 15:00:00,1748358000000,690.69092400,7.221981,44.98,0.0091,5.96,移动止盈/止损,0.5000,-168.75,0.5000,-0.0610
VIRTUAL-USDT-SWAP,多,2025-05-27 08:00:00,1748332800000,2.35263524,2025-05-27 22:00:00,1748383200000,2.43605637,398.387591,32.09,0.0342,1.14,移动止盈/止损,0.0948,-136.66,0.0948,-0.0579
PENDLE-USDT-SWAP,多,2025-05-27 16:00:00,1748361600000,4.64386434,2025-05-27 22:00:00,1748383200000,4.57624233,333.416590,-24.39,-0.0158,1.84,移动止盈/止损,0.1566,-161.05,0.1566,-0.0602
ETH-USDT-SWAP,多,2025-05-27 16:00:00,1748361600000,2669.86696000,2025-05-28 00:00:00,1748390400000,2657.22425100,0.873493,-13.84,-0.0059,2.79,移动止盈/止损,0.2359,-174.89,0.2359,-0.0616
SUI-USDT-SWAP,多,2025-05-28 08:00:00,1748419200000,3.72457242,2025-05-28 14:00:00,1748440800000,3.57564240,567.059283,-86.94,-0.0412,2.48,移动止盈/止损,0.2150,-261.82,0.2150,-0.0699
TON-USDT-SWAP,多,2025-05-28 12:00:00,1748433600000,3.55675564,2025-05-28 14:00:00,1748440800000,3.46195377,207.994311,-20.59,-0.0278,0.88,移动止盈/止损,0.0755,-282.42,0.0755,-0.0718
UNI-USDT-SWAP,多,2025-05-28 08:00:00,1748419200000,6.92269220,2025-05-28 18:00:00,1748455200000,6.65633430,149.859694,-41.14,-0.0397,1.22,移动止盈/止损,0.1056,-323.56,0.1056,-0.0758
UNI-USDT-SWAP,多,2025-05-29 00:00:00,1748476800000,7.21572150,2025-05-29 05:00:00,1748494800000,7.13128680,143.641198,-13.36,-0.0129,1.24,移动止盈/止损,0.1071,-336.92,0.1071,-0.0770
ARB-USDT-SWAP,多,2025-05-29 00:00:00,1748476800000,0.42434243,2025-05-29 08:00:00,1748505600000,0.42165783,2878.974935,-9.19,-0.0075,1.46,移动止盈/止损,0.1263,-346.11,0.1263,-0.0779
ETH-USDT-SWAP,多,2025-05-29 00:00:00,1748476800000,2721.48212100,2025-05-29 08:00:00,1748505600000,2721.64780800,0.785974,-2.44,-0.0011,2.57,移动止盈/止损,0.2211,-348.55,0.2211,-0.0781
ZEC-USDT-SWAP,多,2025-05-29 12:00:00,1748520000000,55.57555700,2025-05-29 18:00:00,1748541600000,53.30466900,23.764160,-55.52,-0.0420,1.55,移动止盈/止损,0.1368,-404.07,0.1368,-0.0834
ZEN-USDT-SWAP,多,2025-05-30 08:00:00,1748592000000,10.51605150,2025-05-30 09:00:00,1748595600000,10.03199670,57.633449,-28.61,-0.0472,0.71,移动止盈/止损,0.0632,-432.67,0.0632,-0.0862
ZEN-USDT-SWAP,多,2025-05-30 12:00:00,1748606400000,10.68306820,2025-05-30 16:00:00,1748620800000,9.33406650,32.274456,-43.93,-0.1274,0.39,移动止盈/止损,0.0360,-476.60,0.0360,-0.0904
ZEN-USDT-SWAP,多,2025-06-02 20:00:00,1748894400000,10.85008490,2025-06-02 22:00:00,1748901600000,11.72782710,91.473919,79.05,0.0796,1.24,移动止盈/止损,0.1042,-397.55,0.1042,-0.0828
ZEC-USDT-SWAP,多,2025-06-02 20:00:00,1748894400000,53.65536500,2025-06-03 08:00:00,1748937600000,53.18468100,30.983459,-16.57,-0.0100,1.99,移动止盈/止损,0.1746,-414.12,0.1746,-0.0844
PENDLE-USDT-SWAP,多,2025-06-02 20:00:00,1748894400000,4.14841480,2025-06-03 20:00:00,1748980800000,4.23917604,411.374620,35.27,0.0207,2.07,移动止盈/止损,0.1792,-378.85,0.1792,-0.0810
WIF-USDT-SWAP,多,2025-06-03 00:00:00,1748908800000,0.96459645,2025-06-03 20:00:00,1748980800000,0.99380061,925.484390,25.94,0.0291,1.09,移动止盈/止损,0.0925,-352.91,0.0925,-0.0786
XRP-USDT-SWAP,多,2025-06-03 12:00:00,1748952000000,2.22392237,2025-06-04 06:00:00,1749016800000,2.23387659,1696.241959,12.35,0.0033,4.54,移动止盈/止损,0.3896,-340.56,0.3896,-0.0774
ETC-USDT-SWAP,多,2025-06-04 08:00:00,1749024000000,17.80778060,2025-06-04 12:00:00,1749038400000,17.38126170,175.905996,-78.74,-0.0251,3.71,移动止盈/止损,0.3248,-419.30,0.3248,-0.0849
LTC-USDT-SWAP,多,2025-06-04 04:00:00,1749009600000,90.74907400,2025-06-04 14:00:00,1749045600000,90.09099000,33.790641,-25.90,-0.0084,3.67,移动止盈/止损,0.3168,-445.21,0.3168,-0.0874
TRX-USDT-SWAP,多,2025-06-04 16:00:00,1749052800000,0.27366736,2025-06-05 02:00:00,1749088800000,0.27249275,15806.904544,-23.75,-0.0055,5.18,移动止盈/止损,0.4527,-468.95,0.4527,-0.0896
TON-USDT-SWAP,多,2025-06-05 12:00:00,1749124800000,3.25082505,2025-06-05 14:00:00,1749132000000,3.21897807,788.165872,-28.16,-0.0110,3.06,移动止盈/止损,0.2688,-497.12,0.2688,-0.0923
BTC-USDT-SWAP,多,2025-06-07 20:00:00,1749326400000,105810.58000000,2025-06-08 09:00:00,1749373200000,105082.99065000,0.044819,-38.28,-0.0081,5.67,移动止盈/止损,0.5000,-535.40,0.5000,-0.0960
XLM-USDT-SWAP,多,2025-06-08 12:00:00,1749384000000,0.27077707,2025-06-08 14:00:00,1749391200000,0.27049295,12819.443297,-7.81,-0.0022,4.16,移动止盈/止损,0.3654,-543.20,0.3654,-0.0967
BCH-USDT-SWAP,多,2025-06-07 12:00:00,1749297600000,409.79097500,2025-06-08 21:00:00,1749416400000,413.92860300,6.135150,22.35,0.0089,3.03,移动止盈/止损,0.2646,-520.85,0.2646,-0.0946
HYPE-USDT-SWAP,多,2025-06-08 16:00:00,1749398400000,35.82658230,2025-06-08 22:00:00,1749420000000,35.26547310,56.449371,-34.08,-0.0169,2.41,移动止盈/止损,0.2122,-554.93,0.2122,-0.0979
XRP-USDT-SWAP,多,2025-06-08 12:00:00,1749384000000,2.25922590,2025-06-09 01:00:00,1749430800000,2.24347563,1387.232099,-25.60,-0.0082,3.75,移动止盈/止损,0.3299,-580.53,0.3299,-0.1003
WIF-USDT-SWAP,多,2025-06-09 12:00:00,1749470400000,0.92709270,2025-06-09 14:00:00,1749477600000,0.90970902,1303.799519,-24.10,-0.0199,1.44,移动止盈/止损,0.1275,-604.63,0.1275,-0.1026
BONK-USDT-SWAP,多,2025-06-09 12:00:00,1749470400000,0.01633863,2025-06-10 06:00:00,1749535200000,0.01721828,90737.176915,77.99,0.0526,1.83,移动止盈/止损,0.1564,-526.64,0.1564,-0.0952
HYPE-USDT-SWAP,多,2025-06-09 16:00:00,1749484800000,37.84778440,2025-06-10 09:00:00,1749546000000,40.93390620,35.974381,109.32,0.0803,1.70,移动止盈/止损,0.1434,-417.32,0.1434,-0.0847
TAO-USDT-SWAP,多,2025-06-09 08:00:00,1749456000000,393.00929700,2025-06-10 14:00:00,1749564000000,427.51724400,4.651532,158.22,0.0866,2.29,移动止盈/止损,0.1941,-259.09,0.1941,-0.0696
WIF-USDT-SWAP,多,2025-06-10 12:00:00,1749556800000,1.07300729,2025-06-10 14:00:00,1749564000000,1.00799919,952.905693,-63.14,-0.0617,1.19,移动止盈/止损,0.1045,-322.23,0.1045,-0.0756
UNI-USDT-SWAP,多,2025-06-10 12:00:00,1749556800000,8.04880480,2025-06-11 08:00:00,1749628800000,8.28517140,105.596205,23.92,0.0281,1.03,移动止盈/止损,0.0868,-298.31,0.0868,-0.0733
ARB-USDT-SWAP,多,2025-06-10 20:00:00,1749585600000,0.40264026,2025-06-11 08:00:00,1749628800000,0.40255974,3272.079147,-1.84,-0.0014,1.58,移动止盈/止损,0.1357,-300.15,0.1357,-0.0735
HYPE-USDT-SWAP,多,2025-06-10 20:00:00,1749585600000,41.75617520,2025-06-11 11:00:00,1749639600000,41.37086250,26.209449,-11.41,-0.0104,1.31,移动止盈/止损,0.1127,-311.56,0.1127,-0.0746
XLM-USDT-SWAP,多,2025-06-11 08:00:00,1749628800000,0.28271827,2025-06-11 18:00:00,1749664800000,0.27876212,11840.546301,-50.83,-0.0152,3.99,移动止盈/止损,0.3445,-362.39,0.3445,-0.0795
SOL-USDT-SWAP,多,2025-06-11 12:00:00,1749643200000,167.18671700,2025-06-11 18:00:00,1749664800000,163.22367600,11.506929,-47.88,-0.0249,2.28,移动止盈/止损,0.1989,-410.27,0.1989,-0.0840
VIRTUAL-USDT-SWAP,多,2025-06-11 12:00:00,1749643200000,2.14651463,2025-06-11 19:00:00,1749668400000,2.16498348,523.594428,8.32,0.0074,1.35,移动止盈/止损,0.1162,-401.96,0.1162,-0.0832
BCH-USDT-SWAP,多,2025-06-15 16:00:00,1750003200000,463.13630900,2025-06-16 01:00:00,1750035600000,459.36405900,3.551340,-15.36,-0.0093,1.97,移动止盈/止损,0.1714,-417.32,0.1714,-0.0847
HYPE-USDT-SWAP,多,2025-06-16 04:00:00,1750046400000,43.14431400,2025-06-16 21:00:00,1750107600000,43.82161740,33.444483,20.91,0.0145,1.75,移动止盈/止损,0.1506,-396.41,0.1506,-0.0827
SOL-USDT-SWAP,多,2025-06-16 04:00:00,1750046400000,156.75567400,2025-06-16 22:00:00,1750111200000,152.88471000,11.156068,-45.26,-0.0259,2.07,移动止盈/止损,0.1825,-441.67,0.1825,-0.0870
WIF-USDT-SWAP,多,2025-06-16 04:00:00,1750046400000,0.89108910,2025-06-16 22:00:00,1750111200000,0.85851414,1497.023203,-50.34,-0.0377,1.57,移动止盈/止损,0.1392,-492.01,0.1392,-0.0918
APT-USDT-SWAP,多,2025-06-21 08:00:00,1750492800000,4.60616057,2025-06-21 12:00:00,1750507200000,4.52274768,346.662146,-30.81,-0.0193,1.90,移动止盈/止损,0.1679,-522.82,0.1679,-0.0948
BONK-USDT-SWAP,多,2025-06-24 00:00:00,1750723200000,0.01403240,2025-06-24 19:00:00,1750791600000,0.01395660,68917.157027,-6.38,-0.0066,1.16,移动止盈/止损,0.1021,-529.20,0.1021,-0.0954
XRP-USDT-SWAP,多,2025-06-24 20:00:00,1750795200000,2.21552153,2025-06-25 04:00:00,1750824000000,2.17538244,1077.202978,-46.08,-0.0193,2.84,移动止盈/止损,0.2509,-575.28,0.2509,-0.0998
ZEC-USDT-SWAP,多,2025-06-24 00:00:00,1750723200000,41.64416400,2025-06-25 05:00:00,1750827600000,42.00579900,37.510249,11.68,0.0075,1.88,移动止盈/止损,0.1650,-563.60,0.1650,-0.0987
HYPE-USDT-SWAP,多,2025-06-23 20:00:00,1750708800000,37.41774140,2025-06-25 15:00:00,1750863600000,37.45025460,20.553106,-0.26,-0.0003,0.92,移动止盈/止损,0.0811,-563.85,0.0811,-0.0987
BTC-USDT-SWAP,多,2025-06-25 08:00:00,1750838400000,106610.55999000,2025-06-25 15:00:00,1750863600000,106971.90174000,0.044303,10.33,0.0022,5.68,移动止盈/止损,0.5000,-553.52,0.5000,-0.0977
BCH-USDT-SWAP,多,2025-06-25 16:00:00,1750867200000,482.90828600,2025-06-25 23:00:00,1750892400000,482.53174200,4.096801,-3.92,-0.0020,2.37,移动止盈/止损,0.2094,-557.44,0.2094,-0.0981
BCH-USDT-SWAP,多,2025-06-26 04:00:00,1750910400000,494.84948000,2025-06-26 13:00:00,1750942800000,491.77081800,3.895180,-14.30,-0.0074,2.31,移动止盈/止损,0.2041,-571.73,0.2041,-0.0995
APT-USDT-SWAP,多,2025-06-27 04:00:00,1750996800000,5.15221517,2025-06-27 12:00:00,1751025600000,5.00149980,208.327573,-32.67,-0.0304,1.27,移动止盈/止损,0.1138,-604.40,0.1138,-0.1026
BCH-USDT-SWAP,多,2025-06-27 16:00:00,1751040000000,507.28072300,2025-06-28 04:00:00,1751083200000,498.20017500,3.869559,-37.47,-0.0191,2.33,移动止盈/止损,0.2089,-641.87,0.2089,-0.1062
TRX-USDT-SWAP,多,2025-06-28 08:00:00,1751097600000,0.27456745,2025-06-28 16:00:00,1751126400000,0.27373262,17043.285462,-19.84,-0.0042,5.61,移动止盈/止损,0.5000,-661.71,0.5000,-0.1081
LTC-USDT-SWAP,多,2025-06-28 16:00:00,1751126400000,86.70867000,2025-06-28 20:00:00,1751140800000,85.86141300,45.214725,-42.99,-0.0110,4.68,移动止盈/止损,0.4198,-704.70,0.4198,-0.1122
SOL-USDT-SWAP,多,2025-06-28 16:00:00,1751126400000,149.12491100,2025-06-29 02:00:00,1751162400000,149.82501600,17.726729,9.23,0.0035,3.18,移动止盈/止损,0.2831,-695.47,0.2831,-0.1113
RENDER-USDT-SWAP,多,2025-06-29 00:00:00,1751155200000,3.26832680,2025-06-29 03:00:00,1751166000000,3.19868010,697.453730,-51.28,-0.0225,2.71,移动止盈/止损,0.2446,-746.75,0.2446,-0.1162
PENDLE-USDT-SWAP,多,2025-06-29 00:00:00,1751155200000,3.56885685,2025-06-29 04:00:00,1751169600000,3.52114785,886.169620,-46.05,-0.0146,3.77,移动止盈/止损,0.3393,-792.80,0.3393,-0.1206
RENDER-USDT-SWAP,多,2025-06-29 08:00:00,1751184000000,3.26932690,2025-06-29 13:00:00,1751202000000,3.24367560,744.842250,-22.02,-0.0090,2.91,移动止盈/止损,0.2645,-814.81,0.2645,-0.1227
OP-USDT-SWAP,多,2025-06-29 08:00:00,1751184000000,0.56005600,2025-06-29 14:00:00,1751205600000,0.55164483,5536.839569,-50.26,-0.0162,3.69,移动止盈/止损,0.3368,-865.08,0.3368,-0.1275
VIRTUAL-USDT-SWAP,多,2025-06-29 08:00:00,1751184000000,1.59135912,2025-06-29 17:00:00,1751216400000,1.54764522,773.397253,-35.26,-0.0287,1.46,移动止盈/止损,0.1337,-900.34,0.1337,-0.1308
ARB-USDT-SWAP,多,2025-06-29 16:00:00,1751212800000,0.33163316,2025-06-29 21:00:00,1751230800000,0.37036296,3851.355842,147.54,0.1155,1.62,移动止盈/止损,0.1403,-752.80,0.1403,-0.1168
OP-USDT-SWAP,多,2025-06-29 20:00:00,1751227200000,0.57135713,2025-06-29 21:00:00,1751230800000,0.58784121,3308.588752,52.24,0.0276,2.30,移动止盈/止损,0.2067,-700.57,0.2067,-0.1118
TAO-USDT-SWAP,多,2025-06-29 16:00:00,1751212800000,342.52424900,2025-06-30 02:00:00,1751248800000,338.94610200,5.792367,-23.09,-0.0116,2.37,移动止盈/止损,0.2179,-723.66,0.2179,-0.1140
ZEN-USDT-SWAP,多,2025-06-30 00:00:00,1751241600000,7.79277920,2025-06-30 03:00:00,1751252400000,7.66223370,263.589089,-36.85,-0.0179,2.44,移动止盈/止损,0.2207,-760.51,0.2207,-0.1175
PENDLE-USDT-SWAP,多,2025-06-30 00:00:00,1751241600000,3.71117108,2025-06-30 04:00:00,1751256000000,3.64113585,590.428571,-43.96,-0.0201,2.60,移动止盈/止损,0.2354,-804.47,0.2354,-0.1217
TRX-USDT-SWAP,多,2025-06-30 04:00:00,1751256000000,0.27698770,2025-06-30 14:00:00,1751292000000,0.27696230,16600.827836,-5.94,-0.0013,5.52,移动止盈/止损,0.5001,-810.41,0.5001,-0.1223
TON-USDT-SWAP,多,2025-06-30 16:00:00,1751299200000,2.95789576,2025-06-30 21:00:00,1751317200000,2.92240773,1036.726362,-40.45,-0.0132,3.66,移动止盈/止损,0.3337,-850.86,0.3337,-0.1261
BCH-USDT-SWAP,多,2025-06-30 16:00:00,1751299200000,517.35173000,2025-06-30 22:00:00,1751320800000,504.04959000,3.316949,-46.16,-0.0269,2.03,移动止盈/止损,0.1867,-897.01,0.1867,-0.1305
BNB-USDT-SWAP,多,2025-06-30 16:00:00,1751299200000,658.49584300,2025-07-01 04:00:00,1751342400000,652.46474700,6.693245,-45.63,-0.0104,5.26,移动止盈/止损,0.4796,-942.65,0.4796,-0.1349
BNB-USDT-SWAP,多,2025-07-02 08:00:00,1751443200000,659.76597000,2025-07-02 23:00:00,1751497200000,659.90400300,6.864066,-4.49,-0.0010,5.43,移动止盈/止损,0.5000,-947.13,0.5000,-0.1353
TRX-USDT-SWAP,多,2025-07-02 08:00:00,1751443200000,0.28092809,2025-07-03 04:00:00,1751515200000,0.28303169,16122.026673,28.46,0.0063,5.46,移动止盈/止损,0.5000,-918.67,0.5000,-0.1326
BOME-USDT-SWAP,多,2025-07-03 04:00:00,1751515200000,0.00167617,2025-07-03 11:00:00,1751540400000,0.00164284,779935.508574,-27.55,-0.0211,1.55,移动止盈/止损,0.1435,-946.22,0.1435,-0.1352
NEAR-USDT-SWAP,多,2025-07-03 04:00:00,1751515200000,2.29722970,2025-07-03 11:00:00,1751540400000,2.29277070,792.986120,-5.72,-0.0031,2.18,移动止盈/止损,0.2000,-951.94,0.2000,-0.1358
BONK-USDT-SWAP,多,2025-07-03 00:00:00,1751500800000,0.01632963,2025-07-03 12:00:00,1751544000000,0.01656934,58547.920003,12.88,0.0135,1.16,移动止盈/止损,0.1048,-939.06,0.1048,-0.1345
ZEC-USDT-SWAP,多,2025-07-03 20:00:00,1751572800000,40.04400400,2025-07-04 07:00:00,1751612400000,40.09599000,50.616175,0.20,0.0001,2.43,移动止盈/止损,0.2237,-938.87,0.2237,-0.1345
TRX-USDT-SWAP,多,2025-07-03 16:00:00,1751558400000,0.28544854,2025-07-04 13:00:00,1751634000000,0.28432156,13364.102686,-19.63,-0.0051,4.57,移动止盈/止损,0.4210,-958.50,0.4210,-0.1364
BONK-USDT-SWAP,多,2025-07-05 16:00:00,1751731200000,0.01871287,2025-07-05 17:00:00,1751734800000,0.01813119,52809.123415,-31.89,-0.0323,1.17,移动止盈/止损,0.1093,-990.38,0.1093,-0.1394
TON-USDT-SWAP,多,2025-07-06 08:00:00,1751788800000,2.99639961,2025-07-06 12:00:00,1751803200000,2.92130784,345.929444,-27.20,-0.0262,1.23,移动止盈/止损,0.1136,-1017.59,0.1136,-0.1420
ZEN-USDT-SWAP,多,2025-07-06 12:00:00,1751803200000,7.52775270,2025-07-07 05:00:00,1751864400000,7.53924600,229.755312,0.56,0.0003,2.08,移动止盈/止损,0.1894,-1017.02,0.1894,-0.1420
BONK-USDT-SWAP,多,2025-07-06 00:00:00,1751760000000,0.01918092,2025-07-07 06:00:00,1751868000000,0.02182582,43660.217600,114.40,0.1366,1.07,移动止盈/止损,0.0929,-902.62,0.0929,-0.1311
XLM-USDT-SWAP,多,2025-07-06 20:00:00,1751832000000,0.24629463,2025-07-07 09:00:00,1751878800000,0.24941506,11628.805898,32.83,0.0115,3.46,移动止盈/止损,0.3141,-869.79,0.3141,-0.1279
BONK-USDT-SWAP,多,2025-07-07 08:00:00,1751875200000,0.02290129,2025-07-07 14:00:00,1751896800000,0.02227177,34091.040427,-22.38,-0.0287,0.92,移动止盈/止损,0.0856,-892.18,0.0856,-0.1301
ZEC-USDT-SWAP,多,2025-07-08 12:00:00,1751976000000,40.11401100,2025-07-08 16:00:00,1751990400000,42.13578600,54.012583,106.54,0.0492,2.67,移动止盈/止损,0.2379,-785.64,0.2379,-0.1199
BCH-USDT-SWAP,多,2025-07-08 12:00:00,1751976000000,502.65026000,2025-07-08 19:00:00,1752001200000,499.05009000,7.282252,-30.59,-0.0084,4.38,移动止盈/止损,0.4019,-816.24,0.4019,-0.1228
UNI-USDT-SWAP,多,2025-07-08 12:00:00,1751976000000,7.65276520,2025-07-08 23:00:00,1752015600000,7.65623430,240.567098,-1.38,-0.0007,2.21,移动止盈/止损,0.2021,-817.61,0.2021,-0.1229
ZEC-USDT-SWAP,多,2025-07-08 16:00:00,1751990400000,42.14421400,2025-07-09 02:00:00,1752026400000,40.95590400,28.628336,-35.45,-0.0294,1.43,移动止盈/止损,0.1311,-853.06,0.1311,-0.1263
XLM-USDT-SWAP,多,2025-07-09 00:00:00,1752019200000,0.25952595,2025-07-09 11:00:00,1752058800000,0.27809219,8972.258345,163.69,0.0703,2.89,移动止盈/止损,0.2518,-689.37,0.2518,-0.1107
BCH-USDT-SWAP,多,2025-07-09 04:00:00,1752033600000,507.70076500,2025-07-09 17:00:00,1752080400000,503.17967700,5.262346,-26.98,-0.0101,3.19,移动止盈/止损,0.2909,-716.35,0.2909,-0.1133
XLM-USDT-SWAP,多,2025-07-09 12:00:00,1752062400000,0.28592859,2025-07-10 00:00:00,1752105600000,0.28501150,4842.127048,-6.10,-0.0044,1.66,移动止盈/止损,0.1486,-722.45,0.1486,-0.1139
DOGE-USDT-SWAP,多,2025-07-09 20:00:00,1752091200000,0.18173817,2025-07-10 00:00:00,1752105600000,0.17874212,7079.639050,-22.74,-0.0177,1.53,移动止盈/止损,0.1377,-745.20,0.1377,-0.1160
TRX-USDT-SWAP,多,2025-07-10 00:00:00,1752105600000,0.29006900,2025-07-10 06:00:00,1752127200000,0.29048095,16043.765155,1.02,0.0002,5.59,移动止盈/止损,0.5000,-744.18,0.5000,-0.1159
WIF-USDT-SWAP,多,2025-07-10 04:00:00,1752120000000,0.96759675,2025-07-11 06:00:00,1752213600000,1.01559843,1329.665561,62.24,0.0484,1.58,移动止盈/止损,0.1374,-681.93,0.1374,-0.1100
NEAR-USDT-SWAP,多,2025-07-09 08:00:00,1752048000000,2.26822680,2025-07-11 08:00:00,1752220800000,2.56374360,982.759475,287.57,0.1290,2.85,时间止损,0.2424,-394.36,0.2424,-0.0825
SUI-USDT-SWAP,多,2025-07-10 08:00:00,1752134400000,3.23592356,2025-07-11 16:00:00,1752249600000,3.46085388,500.195200,110.50,0.0683,2.01,移动止盈/止损,0.1727,-283.86,0.1727,-0.0720
ADA-USDT-SWAP,多,2025-07-11 08:00:00,1752220800000,0.71217121,2025-07-11 16:00:00,1752249600000,0.72952704,1996.961871,32.93,0.0232,1.73,移动止盈/止损,0.1460,-250.93,0.1460,-0.0688
DOGE-USDT-SWAP,多,2025-07-11 16:00:00,1752249600000,0.20511051,2025-07-11 21:00:00,1752267600000,0.20275972,5198.160812,-13.49,-0.0127,1.27,移动止盈/止损,0.1093,-264.42,0.1093,-0.0701
XLM-USDT-SWAP,多,2025-07-11 16:00:00,1752249600000,0.37119712,2025-07-11 22:00:00,1752271200000,0.35379462,1657.348161,-29.56,-0.0481,0.72,移动止盈/止损,0.0631,-293.98,0.0631,-0.0729
HYPE-USDT-SWAP,多,2025-07-11 08:00:00,1752220800000,45.84558410,2025-07-12 13:00:00,1752325200000,45.89341020,35.498195,-0.26,-0.0002,1.95,移动止盈/止损,0.1671,-294.24,0.1671,-0.0730
TON-USDT-SWAP,多,2025-07-13 12:00:00,1752408000000,3.02030200,2025-07-13 15:00:00,1752418800000,2.99530044,1295.069673,-37.05,-0.0095,4.67,移动止盈/止损,0.4018,-331.29,0.4018,-0.0765
HYPE-USDT-SWAP,多,2025-07-13 00:00:00,1752364800000,47.44474400,2025-07-13 22:00:00,1752444000000,48.24817470,36.635375,27.33,0.0157,2.10,移动止盈/止损,0.1791,-303.96,0.1791,-0.0739
BTC-USDT-SWAP,多,2025-07-13 20:00:00,1752436800000,119040.60287000,2025-07-14 03:00:00,1752462000000,120721.12668000,0.041092,63.14,0.0129,5.91,移动止盈/止损,0.5000,-240.82,0.5000,-0.0679
XLM-USDT-SWAP,多,2025-07-13 04:00:00,1752379200000,0.43538353,2025-07-14 06:00:00,1752472800000,0.47420258,1472.226373,56.35,0.0879,0.80,移动止盈/止损,0.0659,-184.47,0.0659,-0.0625
HYPE-USDT-SWAP,多,2025-07-14 00:00:00,1752451200000,49.12491200,2025-07-14 09:00:00,1752483600000,48.25017450,39.280542,-36.66,-0.0190,2.29,移动止盈/止损,0.1971,-221.13,0.1971,-0.0660
BONK-USDT-SWAP,多,2025-07-14 04:00:00,1752465600000,0.02793479,2025-07-14 10:00:00,1752487200000,0.02660734,27906.037684,-37.96,-0.0487,0.91,移动止盈/止损,0.0789,-259.08,0.0789,-0.0696
LINK-USDT-SWAP,多,2025-07-14 12:00:00,1752494400000,16.34263410,2025-07-14 15:00:00,1752505200000,15.96740310,111.495895,-44.00,-0.0241,2.16,移动止盈/止损,0.1872,-303.08,0.1872,-0.0738
TON-USDT-SWAP,多,2025-07-14 12:00:00,1752494400000,3.05200517,2025-07-14 15:00:00,1752505200000,3.00019995,764.635016,-42.39,-0.0182,2.78,移动止盈/止损,0.2398,-345.47,0.2398,-0.0778
XRP-USDT-SWAP,多,2025-07-14 08:00:00,1752480000000,2.98019799,2025-07-14 20:00:00,1752523200000,2.92350762,441.495994,-26.59,-0.0202,1.56,移动止盈/止损,0.1346,-372.06,0.1346,-0.0804
BONK-USDT-SWAP,多,2025-07-15 04:00:00,1752552000000,0.02871887,2025-07-15 11:00:00,1752577200000,0.02833117,23978.142265,-10.12,-0.0147,0.82,移动止盈/止损,0.0715,-382.18,0.0715,-0.0814
BOME-USDT-SWAP,多,2025-07-16 00:00:00,1752624000000,0.00202120,2025-07-16 04:00:00,1752638400000,0.00193381,426797.569465,-38.31,-0.0444,1.01,对齐失效,0.0891,-420.49,0.0891,-0.0850
SUI-USDT-SWAP,多,2025-07-15 16:00:00,1752595200000,4.02900286,2025-07-16 06:00:00,1752645600000,3.99720024,264.680572,-9.69,-0.0091,1.27,移动止盈/止损,0.1107,-430.18,0.1107,-0.0859
TAO-USDT-SWAP,多,2025-07-15 12:00:00,1752580800000,426.71266700,2025-07-16 22:00:00,1752703200000,432.81671400,2.677271,14.96,0.0131,1.38,移动止盈/止损,0.1188,-415.22,0.1188,-0.0845
RENDER-USDT-SWAP,多,2025-07-16 08:00:00,1752652800000,3.94939490,2025-07-17 01:00:00,1752714000000,3.96760320,377.528429,5.08,0.0034,1.79,移动止盈/止损,0.1552,-410.14,0.1552,-0.0840
TON-USDT-SWAP,多,2025-07-17 00:00:00,1752710400000,3.17761773,2025-07-17 01:00:00,1752714000000,3.15448452,880.920803,-23.73,-0.0085,3.35,移动止盈/止损,0.2868,-433.87,0.2868,-0.0863
BONK-USDT-SWAP,多,2025-07-16 08:00:00,1752652800000,0.03231823,2025-07-17 03:00:00,1752721200000,0.03656134,23709.860704,99.62,0.1300,0.98,移动止盈/止损,0.0798,-334.24,0.0798,-0.0768
BONK-USDT-SWAP,多,2025-07-17 04:00:00,1752724800000,0.03890789,2025-07-17 11:00:00,1752750000000,0.03764224,14680.206506,-19.25,-0.0337,0.67,移动止盈/止损,0.0591,-353.50,0.0591,-0.0786
DOGE-USDT-SWAP,多,2025-07-17 12:00:00,1752753600000,0.21686168,2025-07-17 16:00:00,1752768000000,0.21137886,5848.665659,-33.57,-0.0265,1.50,移动止盈/止损,0.1303,-387.07,0.1303,-0.0818
TRX-USDT-SWAP,多,2025-07-17 04:00:00,1752724800000,0.31215121,2025-07-17 20:00:00,1752782400000,0.31610839,12216.572354,43.74,0.0115,4.61,移动止盈/止损,0.3945,-343.33,0.3945,-0.0776
XRP-USDT-SWAP,多,2025-07-17 04:00:00,1752724800000,3.07620759,2025-07-18 07:00:00,1752822000000,3.45985398,485.533189,184.37,0.1234,1.90,移动止盈/止损,0.1545,-158.96,0.1545,-0.0600
ZEC-USDT-SWAP,多,2025-07-17 20:00:00,1752782400000,44.92449200,2025-07-18 08:00:00,1752825600000,45.98540100,35.786276,36.01,0.0224,1.95,移动止盈/止损,0.1642,-122.95,0.1642,-0.0566
LTC-USDT-SWAP,多,2025-07-17 16:00:00,1752768000000,101.59015800,2025-07-18 13:00:00,1752843600000,106.47935100,14.898666,70.98,0.0469,1.86,移动止盈/止损,0.1551,-51.96,0.1551,-0.0498
UNI-USDT-SWAP,多,2025-07-18 08:00:00,1752825600000,10.71807170,2025-07-18 14:00:00,1752847200000,10.31296860,71.612081,-29.91,-0.0390,0.90,移动止盈/止损,0.0769,-81.88,0.0769,-0.0527
ETC-USDT-SWAP,多,2025-07-18 08:00:00,1752825600000,24.53245300,2025-07-18 15:00:00,1752850800000,23.18368140,32.862580,-45.26,-0.0561,0.94,移动止盈/止损,0.0808,-127.14,0.0808,-0.0570
ETC-USDT-SWAP,多,2025-07-19 04:00:00,1752897600000,25.49754950,2025-07-19 10:00:00,1752919200000,24.25657410,30.845484,-39.20,-0.0498,0.92,移动止盈/止损,0.0797,-166.34,0.0797,-0.0607
DOGE-USDT-SWAP,多,2025-07-19 04:00:00,1752897600000,0.25448545,2025-07-19 13:00:00,1752930000000,0.24270573,3524.797893,-42.57,-0.0475,1.05,移动止盈/止损,0.0909,-208.92,0.0909,-0.0648
PENDLE-USDT-SWAP,多,2025-07-20 08:00:00,1752998400000,4.66646660,2025-07-20 16:00:00,1753027200000,4.86471348,414.335675,79.77,0.0413,2.37,移动止盈/止损,0.1963,-129.14,0.1963,-0.0572
LTC-USDT-SWAP,多,2025-07-20 04:00:00,1752984000000,113.84138300,2025-07-20 21:00:00,1753045200000,116.98830000,10.922865,32.86,0.0264,1.51,移动止盈/止损,0.1270,-96.28,0.1270,-0.0540
AVAX-USDT-SWAP,多,2025-07-20 08:00:00,1752998400000,25.01450120,2025-07-20 22:00:00,1753048800000,25.00549920,79.505241,-3.10,-0.0016,2.39,移动止盈/止损,0.2019,-99.38,0.2019,-0.0543
AVAX-USDT-SWAP,多,2025-07-21 04:00:00,1753070400000,25.45954570,2025-07-21 16:00:00,1753113600000,25.56344340,77.167266,5.66,0.0029,2.36,移动止盈/止损,0.1978,-93.73,0.1978,-0.0538
LINK-USDT-SWAP,多,2025-07-21 08:00:00,1753084800000,19.82598240,2025-07-21 16:00:00,1753113600000,19.54804500,89.087213,-26.87,-0.0152,2.10,移动止盈/止损,0.1773,-120.60,0.1773,-0.0564
DOGE-USDT-SWAP,多,2025-07-20 16:00:00,1753027200000,0.26502650,2025-07-21 19:00:00,1753124400000,0.26874312,4843.282122,16.45,0.0128,1.55,移动止盈/止损,0.1292,-104.15,0.1292,-0.0548
ZEN-USDT-SWAP,多,2025-07-21 16:00:00,1753113600000,10.20302020,2025-07-22 03:00:00,1753153200000,9.64003590,101.234085,-58.20,-0.0563,1.21,移动止盈/止损,0.1037,-162.34,0.1037,-0.0604
SOL-USDT-SWAP,多,2025-07-22 00:00:00,1753142400000,197.65976400,2025-07-22 04:00:00,1753156800000,194.33056500,8.668930,-30.90,-0.0180,2.04,移动止盈/止损,0.1734,-193.24,0.1734,-0.0633
TAO-USDT-SWAP,多,2025-07-22 00:00:00,1753142400000,449.68496400,2025-07-22 04:00:00,1753156800000,429.11708400,3.035088,-64.03,-0.0469,1.60,移动止盈/止损,0.1381,-257.27,0.1381,-0.0694
TON-USDT-SWAP,多,2025-07-22 16:00:00,1753200000000,3.48744871,2025-07-22 19:00:00,1753210800000,3.36016395,280.481802,-36.85,-0.0377,1.15,移动止盈/止损,0.1004,-294.12,0.1004,-0.0729
SOL-USDT-SWAP,多,2025-07-22 12:00:00,1753185600000,203.11030900,2025-07-23 06:00:00,1753250400000,200.64993300,6.172131,-16.68,-0.0133,1.50,移动止盈/止损,0.1287,-310.80,0.1287,-0.0745
APT-USDT-SWAP,多,2025-07-23 08:00:00,1753257600000,5.63166311,2025-07-23 09:00:00,1753261200000,5.38596135,271.848445,-68.59,-0.0448,1.80,移动止盈/止损,0.1583,-379.39,0.1583,-0.0811
BNB-USDT-SWAP,多,2025-07-23 00:00:00,1753228800000,800.81007300,2025-07-23 13:00:00,1753275600000,781.04188800,2.730131,-56.56,-0.0259,2.59,移动止盈/止损,0.2251,-435.96,0.2251,-0.0865
ETH-USDT-SWAP,多,2025-07-26 04:00:00,1753502400000,3747.37470000,2025-07-26 15:00:00,1753542000000,3734.13654900,0.721960,-12.80,-0.0047,3.24,移动止盈/止损,0.2829,-448.75,0.2829,-0.0877
SUI-USDT-SWAP,多,2025-07-26 08:00:00,1753516800000,4.02160212,2025-07-26 19:00:00,1753556400000,4.20597936,497.392993,89.25,0.0446,2.46,移动止盈/止损,0.2089,-359.50,0.2089,-0.0792
UNI-USDT-SWAP,多,2025-07-27 04:00:00,1753588800000,10.70307020,2025-07-27 09:00:00,1753606800000,10.47195270,53.125372,-12.95,-0.0228,0.67,移动止盈/止损,0.0589,-372.45,0.0589,-0.0804
SUI-USDT-SWAP,多,2025-07-27 12:00:00,1753617600000,4.41674163,2025-07-27 13:00:00,1753621200000,4.24247571,125.805441,-22.58,-0.0406,0.65,移动止盈/止损,0.0576,-395.03,0.0576,-0.0826
BNB-USDT-SWAP,多,2025-07-27 00:00:00,1753574400000,797.66975900,2025-07-27 15:00:00,1753628400000,815.88840300,5.302528,91.47,0.0216,5.13,移动止盈/止损,0.4383,-303.56,0.4383,-0.0738
TRX-USDT-SWAP,多,2025-07-26 16:00:00,1753545600000,0.31998200,2025-07-27 16:00:00,1753632000000,0.31938806,15132.992113,-14.79,-0.0031,5.81,移动止盈/止损,0.5000,-318.35,0.5000,-0.0753
BCH-USDT-SWAP,多,2025-07-27 16:00:00,1753632000000,604.07040100,2025-07-27 23:00:00,1753657200000,589.88100600,2.961745,-44.15,-0.0247,2.12,移动止盈/止损,0.1848,-362.50,0.1848,-0.0795
BNB-USDT-SWAP,多,2025-07-27 16:00:00,1753632000000,819.48194000,2025-07-28 13:00:00,1753707600000,843.55563600,3.159013,72.90,0.0282,3.15,移动止盈/止损,0.2674,-289.60,0.2674,-0.0725
UNI-USDT-SWAP,多,2025-07-27 16:00:00,1753632000000,10.77307720,2025-07-28 13:00:00,1753707600000,10.70892900,160.840878,-12.39,-0.0072,2.07,移动止盈/止损,0.1790,-301.99,0.1790,-0.0737
FIL-USDT-SWAP,多,2025-07-28 00:00:00,1753660800000,2.76027600,2025-07-28 13:00:00,1753707600000,2.72372760,827.346363,-32.96,-0.0144,2.72,移动止盈/止损,0.2348,-334.95,0.2348,-0.0768
HYPE-USDT-SWAP,多,2025-07-28 16:00:00,1753718400000,45.84758430,2025-07-28 19:00:00,1753729200000,44.95250430,32.188209,-30.56,-0.0207,1.75,移动止盈/止损,0.1527,-365.52,0.1527,-0.0798
TRX-USDT-SWAP,多,2025-07-29 08:00:00,1753776000000,0.33094309,2025-07-29 09:00:00,1753779600000,0.33844615,9786.904781,69.50,0.0215,3.93,移动止盈/止损,0.3362,-296.02,0.3362,-0.0731
TON-USDT-SWAP,多,2025-07-30 08:00:00,1753862400000,3.44874484,2025-07-30 11:00:00,1753873200000,3.38276169,441.698221,-30.96,-0.0203,1.81,移动止盈/止损,0.1570,-326.97,0.1570,-0.0761
TON-USDT-SWAP,多,2025-07-31 04:00:00,1753934400000,3.45384535,2025-07-31 11:00:00,1753959600000,3.50684928,505.504604,24.68,0.0141,2.11,移动止盈/止损,0.1805,-302.29,0.1805,-0.0737
TON-USDT-SWAP,多,2025-07-31 12:00:00,1753963200000,3.54615458,2025-07-31 21:00:00,1753995600000,3.56074389,459.360088,4.74,0.0029,1.96,移动止盈/止损,0.1680,-297.55,0.1680,-0.0733
TON-USDT-SWAP,多,2025-08-02 04:00:00,1754107200000,3.69276924,2025-08-02 10:00:00,1754128800000,3.61153881,313.856343,-26.87,-0.0232,1.38,移动止盈/止损,0.1195,-324.42,0.1195,-0.0758
XLM-USDT-SWAP,多,2025-08-04 00:00:00,1754265600000,0.41500150,2025-08-04 12:00:00,1754308800000,0.41009899,3736.657633,-20.17,-0.0130,1.85,移动止盈/止损,0.1603,-344.59,0.1603,-0.0778
TAO-USDT-SWAP,多,2025-08-04 08:00:00,1754294400000,357.86578300,2025-08-05 02:00:00,1754359200000,355.53444300,6.931310,-19.13,-0.0077,2.97,移动止盈/止损,0.2563,-363.71,0.2563,-0.0796
TRX-USDT-SWAP,多,2025-08-04 12:00:00,1754308800000,0.33081308,2025-08-05 07:00:00,1754377200000,0.33192680,14529.654971,10.40,0.0022,5.78,移动止盈/止损,0.4922,-353.31,0.4922,-0.0786
LTC-USDT-SWAP,多,2025-08-04 00:00:00,1754265600000,111.48114700,2025-08-05 12:00:00,1754395200000,123.80761800,21.248569,258.92,0.1093,3.00,移动止盈/止损,0.2448,-94.39,0.2448,-0.0539
VIRTUAL-USDT-SWAP,多,2025-08-07 12:00:00,1754568000000,1.33193318,2025-08-07 16:00:00,1754582400000,1.28447154,1146.609088,-56.22,-0.0368,1.80,移动止盈/止损,0.1519,-150.61,0.1519,-0.0592
TRX-USDT-SWAP,多,2025-08-06 20:00:00,1754510400000,0.33688368,2025-08-07 20:00:00,1754596800000,0.33868613,14703.297130,20.54,0.0041,5.96,移动止盈/止损,0.5000,-130.07,0.5000,-0.0573
PENDLE-USDT-SWAP,多,2025-08-07 08:00:00,1754553600000,4.16251621,2025-08-07 21:00:00,1754600400000,4.92880707,505.417637,384.54,0.1828,2.76,移动止盈/止损,0.2116,254.47,0.2116,-0.0205
PENDLE-USDT-SWAP,多,2025-08-08 00:00:00,1754611200000,5.07960791,2025-08-09 07:00:00,1754722800000,5.35776417,170.598410,46.38,0.0535,1.07,移动止盈/止损,0.0842,300.86,0.0842,-0.0161
UNI-USDT-SWAP,多,2025-08-07 20:00:00,1754596800000,10.35203510,2025-08-09 13:00:00,1754744400000,10.79592030,185.903780,80.16,0.0417,2.36,移动止盈/止损,0.1890,381.02,0.1890,-0.0085
LINK-USDT-SWAP,多,2025-08-07 16:00:00,1754582400000,17.94379420,2025-08-09 16:00:00,1754755200000,21.14188560,89.312580,283.54,0.1769,2.09,时间止损,0.1599,664.55,0.1599,0.0000
TON-USDT-SWAP,多,2025-08-09 16:00:00,1754755200000,3.44304427,2025-08-09 22:00:00,1754776800000,3.39356061,759.685187,-40.71,-0.0156,3.12,移动止盈/止损,0.2450,623.85,0.2450,-0.0038
ZEC-USDT-SWAP,多,2025-08-09 16:00:00,1754755200000,39.79397900,2025-08-10 02:00:00,1754791200000,39.39606000,67.721444,-30.17,-0.0112,3.22,移动止盈/止损,0.2524,593.68,0.2524,-0.0066
ARB-USDT-SWAP,多,2025-08-09 08:00:00,1754726400000,0.45944594,2025-08-10 03:00:00,1754794800000,0.46965303,3928.372121,37.91,0.0210,2.19,移动止盈/止损,0.1685,631.59,0.1685,-0.0031
OP-USDT-SWAP,多,2025-08-10 00:00:00,1754784000000,0.81178117,2025-08-10 03:00:00,1754794800000,0.79372062,2361.202277,-44.92,-0.0234,2.27,移动止盈/止损,0.1791,586.67,0.1791,-0.0073
HYPE-USDT-SWAP,多,2025-08-10 04:00:00,1754798400000,44.47044660,2025-08-10 06:00:00,1754805600000,43.67563200,53.147085,-45.05,-0.0191,2.81,移动止盈/止损,0.2233,541.62,0.2233,-0.0115
BOME-USDT-SWAP,多,2025-08-10 04:00:00,1754798400000,0.00201820,2025-08-10 06:00:00,1754805600000,0.00195880,781588.720808,-48.29,-0.0306,1.87,移动止盈/止损,0.1490,493.33,0.1490,-0.0161
LINK-USDT-SWAP,多,2025-08-10 04:00:00,1754798400000,22.11621140,2025-08-10 12:00:00,1754827200000,21.58684110,59.678921,-33.16,-0.0251,1.56,移动止盈/止损,0.1247,460.17,0.1247,-0.0192
TRX-USDT-SWAP,多,2025-08-10 12:00:00,1754827200000,0.34179418,2025-08-10 18:00:00,1754848800000,0.33894610,15303.384312,-49.84,-0.0095,6.25,移动止盈/止损,0.5000,410.33,0.5000,-0.0238
ETH-USDT-SWAP,多,2025-08-11 04:00:00,1754884800000,4318.49180600,2025-08-11 08:00:00,1754899200000,4280.13194400,0.627704,-27.32,-0.0101,3.24,移动止盈/止损,0.2591,383.02,0.2591,-0.0264
SOL-USDT-SWAP,多,2025-08-11 04:00:00,1754884800000,185.81858000,2025-08-11 08:00:00,1754899200000,184.18158000,14.383528,-26.74,-0.0100,3.19,移动止盈/止损,0.2555,356.28,0.2555,-0.0289
HYPE-USDT-SWAP,多,2025-08-10 16:00:00,1754841600000,45.07850740,2025-08-11 11:00:00,1754910000000,44.80851870,43.061976,-13.95,-0.0072,2.32,移动止盈/止损,0.1859,342.33,0.1859,-0.0302
UNI-USDT-SWAP,多,2025-08-11 16:00:00,1754928000000,11.56015590,2025-08-11 19:00:00,1754938800000,11.21287860,82.714696,-29.86,-0.0312,1.13,移动止盈/止损,0.0925,312.47,0.0925,-0.0330
TRX-USDT-SWAP,多,2025-08-11 16:00:00,1754928000000,0.34466446,2025-08-12 11:00:00,1754996400000,0.34532546,15004.835846,3.71,0.0007,6.21,移动止盈/止损,0.5000,316.18,0.5000,-0.0327
DOT-USDT-SWAP,多,2025-08-12 16:00:00,1755014400000,4.18541850,2025-08-13 02:00:00,1755050400000,4.17158280,361.974652,-6.82,-0.0045,1.82,移动止盈/止损,0.1465,309.36,0.1465,-0.0333
BCH-USDT-SWAP,多,2025-08-12 16:00:00,1755014400000,607.77077100,2025-08-13 04:00:00,1755057600000,612.31876200,3.492927,13.33,0.0063,2.56,移动止盈/止损,0.2052,322.69,0.2052,-0.0321
SOL-USDT-SWAP,多,2025-08-13 04:00:00,1755057600000,198.76987500,2025-08-13 14:00:00,1755093600000,196.27037100,8.717331,-23.86,-0.0138,2.07,移动止盈/止损,0.1658,298.83,0.1658,-0.0343
LTC-USDT-SWAP,多,2025-08-13 04:00:00,1755057600000,133.62336100,2025-08-13 15:00:00,1755097200000,130.05699300,13.275242,-49.44,-0.0279,2.10,移动止盈/止损,0.1698,249.39,0.1698,-0.0389
ARB-USDT-SWAP,多,2025-08-13 16:00:00,1755100800000,0.54965496,2025-08-14 05:00:00,1755147600000,0.54514548,1614.558517,-8.34,-0.0094,1.06,移动止盈/止损,0.0854,241.04,0.0854,-0.0397
OP-USDT-SWAP,多,2025-08-13 16:00:00,1755100800000,0.84978497,2025-08-14 05:00:00,1755147600000,0.83751624,1355.020487,-18.00,-0.0156,1.37,移动止盈/止损,0.1108,223.05,0.1108,-0.0414
ETH-USDT-SWAP,多,2025-08-12 12:00:00,1755000000000,4405.36049200,2025-08-14 10:00:00,1755165600000,4707.31922100,0.476542,141.29,0.0673,2.61,移动止盈/止损,0.2035,364.34,0.2035,-0.0282
VIRTUAL-USDT-SWAP,多,2025-08-17 16:00:00,1755446400000,1.33853384,2025-08-17 18:00:00,1755453600000,1.31426856,1179.935237,-30.51,-0.0193,1.88,移动止盈/止损,0.1513,333.83,0.1513,-0.0310
LINK-USDT-SWAP,多,2025-08-17 08:00:00,1755417600000,24.65846560,2025-08-18 02:00:00,1755482400000,24.78852090,60.665205,6.09,0.0041,1.80,移动止盈/止损,0.1443,339.92,0.1443,-0.0304
ZEC-USDT-SWAP,多,2025-08-20 08:00:00,1755676800000,38.15381500,2025-08-21 05:00:00,1755752400000,38.36616300,35.815883,5.96,0.0044,1.64,移动止盈/止损,0.1322,345.88,0.1322,-0.0299
BNB-USDT-SWAP,多,2025-08-20 20:00:00,1755720000000,873.48734000,2025-08-21 05:00:00,1755752400000,863.82360900,2.754750,-29.49,-0.0123,2.87,移动止盈/止损,0.2319,316.39,0.2319,-0.0326
PENDLE-USDT-SWAP,多,2025-08-22 04:00:00,1755835200000,5.59355930,2025-08-22 11:00:00,1755860400000,5.43555639,300.671144,-49.50,-0.0294,1.99,移动止盈/止损,0.1621,266.89,0.1621,-0.0373
ZEC-USDT-SWAP,多,2025-08-21 20:00:00,1755806400000,40.48404800,2025-08-22 12:00:00,1755864000000,42.15578400,37.041553,60.09,0.0401,1.84,移动止盈/止损,0.1454,326.98,0.1454,-0.0317
ETC-USDT-SWAP,多,2025-08-22 16:00:00,1755878400000,24.62346210,2025-08-23 01:00:00,1755910800000,24.42355740,34.939716,-8.01,-0.0093,1.03,移动止盈/止损,0.0833,318.97,0.0833,-0.0324
ARB-USDT-SWAP,多,2025-08-22 16:00:00,1755878400000,0.56245624,2025-08-23 01:00:00,1755910800000,0.57994200,1485.243576,24.95,0.0299,1.02,移动止盈/止损,0.0809,343.92,0.0809,-0.0301
ETH-USDT-SWAP,多,2025-08-22 16:00:00,1755878400000,4745.35448800,2025-08-23 02:00:00,1755914400000,4713.50860200,0.269562,-10.11,-0.0079,1.53,移动止盈/止损,0.1239,333.80,0.1239,-0.0310
SOL-USDT-SWAP,多,2025-08-23 04:00:00,1755921600000,204.70046800,2025-08-23 11:00:00,1755946800000,202.05979200,8.191120,-23.63,-0.0141,2.00,移动止盈/止损,0.1623,310.17,0.1623,-0.0332
AVAX-USDT-SWAP,多,2025-08-23 04:00:00,1755921600000,25.28052780,2025-08-23 15:00:00,1755961200000,25.65843390,74.865235,26.00,0.0137,2.29,移动止盈/止损,0.1832,336.18,0.1832,-0.0308
BOME-USDT-SWAP,多,2025-08-24 00:00:00,1755993600000,0.00242124,2025-08-24 06:00:00,1756015200000,0.00227477,387650.708991,-57.87,-0.0617,1.09,移动止盈/止损,0.0908,278.31,0.0908,-0.0362
SOL-USDT-SWAP,多,2025-08-24 04:00:00,1756008000000,210.83108100,2025-08-24 08:00:00,1756022400000,208.22917500,11.071693,-31.59,-0.0135,2.78,移动止盈/止损,0.2261,246.72,0.2261,-0.0392
HYPE-USDT-SWAP,多,2025-08-26 16:00:00,1756224000000,47.57375690,2025-08-27 08:00:00,1756281600000,48.94510500,27.091863,35.58,0.0276,1.57,移动止盈/止损,0.1258,282.30,0.1258,-0.0358
SOL-USDT-SWAP,多,2025-08-28 08:00:00,1756368000000,214.20141800,2025-08-28 16:00:00,1756396800000,207.37926000,8.156387,-57.71,-0.0330,2.06,移动止盈/止损,0.1699,224.59,0.1699,-0.0413
BNB-USDT-SWAP,多,2025-08-28 12:00:00,1756382400000,877.48774000,2025-08-28 16:00:00,1756396800000,865.12347900,4.909345,-65.83,-0.0153,5.13,移动止盈/止损,0.4193,158.76,0.4193,-0.0474
BTC-USDT-SWAP,多,2025-08-28 12:00:00,1756382400000,113198.91876000,2025-08-28 17:00:00,1756400400000,112327.56612000,0.037348,-37.60,-0.0089,5.05,移动止盈/止损,0.4116,121.16,0.4116,-0.0510
SOL-USDT-SWAP,多,2025-08-29 04:00:00,1756440000000,217.02170000,2025-08-29 07:00:00,1756450800000,208.70912700,7.666661,-65.69,-0.0395,1.96,移动止盈/止损,0.1644,55.47,0.1644,-0.0571
ZEC-USDT-SWAP,多,2025-08-29 12:00:00,1756468800000,43.45434500,2025-08-29 15:00:00,1756479600000,41.91580800,37.824511,-60.13,-0.0366,1.94,移动止盈/止损,0.1635,-4.66,0.1635,-0.0628
FIL-USDT-SWAP,多,2025-09-01 08:00:00,1756713600000,2.50225020,2025-09-01 10:00:00,1756720800000,2.40075990,419.798750,-43.84,-0.0417,1.23,移动止盈/止损,0.1051,-48.50,0.1051,-0.0669
BCH-USDT-SWAP,多,2025-09-02 04:00:00,1756785600000,566.58665300,2025-09-02 12:00:00,1756814400000,560.50394400,3.562830,-24.08,-0.0119,2.41,移动止盈/止损,0.2028,-72.58,0.2028,-0.0691
ZEC-USDT-SWAP,多,2025-09-02 04:00:00,1756785600000,40.96409600,2025-09-02 12:00:00,1756814400000,40.63593600,47.304189,-17.84,-0.0092,2.32,移动止盈/止损,0.1947,-90.42,0.1947,-0.0708
BTC-USDT-SWAP,多,2025-09-02 20:00:00,1756843200000,111367.23561000,2025-09-03 07:00:00,1756882800000,111030.39585000,0.032225,-15.15,-0.0042,4.30,移动止盈/止损,0.3622,-105.57,0.3622,-0.0722
AVAX-USDT-SWAP,多,2025-09-03 00:00:00,1756857600000,24.56445620,2025-09-03 08:00:00,1756886400000,25.04549520,96.683580,43.63,0.0184,2.88,移动止盈/止损,0.2394,-61.94,0.2394,-0.0681
AVAX-USDT-SWAP,多,2025-09-03 08:00:00,1756886400000,25.05050480,2025-09-03 11:00:00,1756897200000,24.99050070,66.170999,-5.96,-0.0036,1.99,移动止盈/止损,0.1665,-67.90,0.1665,-0.0687
BCH-USDT-SWAP,多,2025-09-03 08:00:00,1756886400000,600.88008200,2025-09-03 15:00:00,1756911600000,585.58143600,3.695282,-59.16,-0.0266,2.63,移动止盈/止损,0.2230,-127.06,0.2230,-0.0742
ZEC-USDT-SWAP,多,2025-09-03 16:00:00,1756915200000,42.52425200,2025-09-03 20:00:00,1756929600000,41.83581600,48.542905,-35.88,-0.0174,2.46,移动止盈/止损,0.2083,-162.94,0.2083,-0.0776
SOL-USDT-SWAP,多,2025-09-02 20:00:00,1756843200000,206.69066700,2025-09-03 22:00:00,1756936800000,209.76902100,7.925615,22.42,0.0137,1.98,移动止盈/止损,0.1653,-140.52,0.1653,-0.0755
SUI-USDT-SWAP,多,2025-09-03 12:00:00,1756900800000,3.34693466,2025-09-04 03:00:00,1756954800000,3.33596637,754.929794,-11.31,-0.0045,3.03,移动止盈/止损,0.2542,-151.83,0.2542,-0.0766
NEAR-USDT-SWAP,多,2025-09-03 20:00:00,1756929600000,2.48724870,2025-09-04 03:00:00,1756954800000,2.44075590,1289.099877,-63.75,-0.0199,3.81,移动止盈/止损,0.3240,-215.58,0.3240,-0.0825
HYPE-USDT-SWAP,多,2025-09-04 00:00:00,1756944000000,46.28962850,2025-09-04 05:00:00,1756962000000,45.51444810,55.228780,-45.85,-0.0179,3.04,移动止盈/止损,0.2592,-261.43,0.2592,-0.0868
BCH-USDT-SWAP,多,2025-09-05 12:00:00,1757073600000,606.53064700,2025-09-05 14:00:00,1757080800000,603.90960300,3.902982,-13.06,-0.0055,2.83,移动止盈/止损,0.2431,-274.49,0.2431,-0.0881
HYPE-USDT-SWAP,多,2025-09-05 12:00:00,1757073600000,47.30072960,2025-09-05 14:00:00,1757080800000,46.24837470,39.342297,-43.61,-0.0234,2.21,移动止盈/止损,0.1911,-318.10,0.1911,-0.0921
SUI-USDT-SWAP,多,2025-09-05 12:00:00,1757073600000,3.44004397,2025-09-05 14:00:00,1757080800000,3.35086488,764.224090,-71.27,-0.0271,3.11,移动止盈/止损,0.2700,-389.37,0.2700,-0.0988
BCH-USDT-SWAP,多,2025-09-05 16:00:00,1757088000000,613.20131400,2025-09-06 01:00:00,1757120400000,608.59913400,3.058699,-16.32,-0.0087,2.24,移动止盈/止损,0.1952,-405.69,0.1952,-0.1004
ZEN-USDT-SWAP,多,2025-09-06 00:00:00,1757116800000,7.26972690,2025-09-06 07:00:00,1757142000000,7.15928400,351.392495,-41.85,-0.0164,3.04,移动止盈/止损,0.2663,-447.54,0.2663,-0.1043
HYPE-USDT-SWAP,多,2025-09-06 00:00:00,1757116800000,47.82478200,2025-09-06 08:00:00,1757145600000,46.76832270,38.888960,-43.29,-0.0233,2.21,移动止盈/止损,0.1939,-490.83,0.1939,-0.1083
BNB-USDT-SWAP,多,2025-09-06 12:00:00,1757160000000,862.51624300,2025-09-06 19:00:00,1757185200000,858.14417700,5.513008,-29.79,-0.0063,5.69,移动止盈/止损,0.5000,-520.63,0.5000,-0.1111
VIRTUAL-USDT-SWAP,多,2025-09-07 04:00:00,1757217600000,1.14161415,2025-09-07 18:00:00,1757268000000,1.12798719,1830.508642,-27.44,-0.0131,2.49,移动止盈/止损,0.2160,-548.06,0.2160,-0.1137
BNB-USDT-SWAP,多,2025-09-07 08:00:00,1757232000000,872.80727200,2025-09-07 23:00:00,1757286000000,880.58193300,5.555226,37.35,0.0077,5.84,移动止盈/止损,0.5000,-510.72,0.5000,-0.1102
ZEC-USDT-SWAP,多,2025-09-06 16:00:00,1757174400000,43.06430600,2025-09-08 06:00:00,1757311200000,48.96510300,49.747428,290.80,0.1357,2.75,移动止盈/止损,0.2254,-219.92,0.2254,-0.0829
HYPE-USDT-SWAP,多,2025-09-08 08:00:00,1757318400000,51.02810230,2025-09-08 19:00:00,1757358000000,50.41895760,38.266704,-25.64,-0.0131,2.33,移动止盈/止损,0.1961,-245.56,0.1961,-0.0853
DOGE-USDT-SWAP,多,2025-09-07 20:00:00,1757275200000,0.22382238,2025-09-09 00:00:00,1757376000000,0.23854614,10996.226912,158.86,0.0645,3.05,移动止盈/止损,0.2532,-86.70,0.2532,-0.0704
BONK-USDT-SWAP,多,2025-09-08 00:00:00,1757289600000,0.02113211,2025-09-09 12:00:00,1757419200000,0.02317968,89964.730911,181.82,0.0956,2.39,移动止盈/止损,0.1942,95.12,0.1942,-0.0534
VIRTUAL-USDT-SWAP,多,2025-09-09 00:00:00,1757376000000,1.29812980,2025-09-09 12:00:00,1757419200000,1.27367262,866.850338,-22.54,-0.0200,1.34,移动止盈/止损,0.1116,72.58,0.1116,-0.0555
RENDER-USDT-SWAP,多,2025-09-09 00:00:00,1757376000000,3.77037700,2025-09-09 13:00:00,1757422800000,3.89361060,533.012691,63.23,0.0315,2.45,移动止盈/止损,0.1993,135.81,0.1993,-0.0496
DOGE-USDT-SWAP,多,2025-09-09 12:00:00,1757419200000,0.24570457,2025-09-09 14:00:00,1757426400000,0.24031597,7480.505994,-42.49,-0.0231,2.18,移动止盈/止损,0.1813,93.32,0.1813,-0.0536
AVAX-USDT-SWAP,多,2025-09-09 12:00:00,1757419200000,26.03260300,2025-09-10 00:00:00,1757462400000,25.76442330,96.130178,-28.77,-0.0115,2.99,移动止盈/止损,0.2468,64.55,0.2468,-0.0563
AVAX-USDT-SWAP,多,2025-09-10 04:00:00,1757476800000,26.43564330,2025-09-10 12:00:00,1757505600000,28.10318940,92.156862,150.66,0.0618,3.02,移动止盈/止损,0.2421,215.21,0.2421,-0.0421
TRUMP-USDT-SWAP,多,2025-09-10 04:00:00,1757476800000,8.81788170,2025-09-10 19:00:00,1757530800000,8.75912400,380.016700,-26.34,-0.0079,4.01,移动止盈/止损,0.3330,188.88,0.3330,-0.0446
AVAX-USDT-SWAP,多,2025-09-10 12:00:00,1757505600000,28.10881060,2025-09-11 05:00:00,1757566800000,28.62613710,55.119369,26.64,0.0172,1.88,移动止盈/止损,0.1515,215.52,0.1515,-0.0421
DOT-USDT-SWAP,多,2025-09-11 00:00:00,1757548800000,4.24142410,2025-09-11 09:00:00,1757581200000,4.18758120,647.534414,-38.14,-0.0139,3.27,移动止盈/止损,0.2677,177.38,0.2677,-0.0457
SOL-USDT-SWAP,多,2025-09-10 12:00:00,1757505600000,223.35233300,2025-09-11 12:00:00,1757592000000,226.62733500,10.655632,32.02,0.0135,2.88,移动止盈/止损,0.2327,209.40,0.2327,-0.0427
TAO-USDT-SWAP,多,2025-09-11 08:00:00,1757577600000,360.34603100,2025-09-11 12:00:00,1757592000000,359.93400300,6.621883,-5.59,-0.0023,2.86,移动止盈/止损,0.2341,203.81,0.2341,-0.0432
SOL-USDT-SWAP,多,2025-09-11 12:00:00,1757592000000,226.67266500,2025-09-12 00:00:00,1757635200000,232.90670700,10.798855,64.34,0.0263,2.98,移动止盈/止损,0.2399,268.15,0.2399,-0.0372
PENDLE-USDT-SWAP,多,2025-09-11 20:00:00,1757620800000,5.18121807,2025-09-12 05:00:00,1757653200000,5.22207774,352.437943,12.20,0.0067,2.20,移动止盈/止损,0.1792,280.35,0.1792,-0.0360
LINK-USDT-SWAP,多,2025-09-11 20:00:00,1757620800000,24.17641740,2025-09-12 10:00:00,1757671200000,24.37856190,103.591362,17.92,0.0072,3.02,移动止盈/止损,0.2458,298.27,0.2458,-0.0343
DOGE-USDT-SWAP,多,2025-09-12 00:00:00,1757635200000,0.26176617,2025-09-12 12:00:00,1757678400000,0.26249375,6568.258415,2.71,0.0016,2.07,移动止盈/止损,0.1660,300.98,0.1660,-0.0341
DOGE-USDT-SWAP,多,2025-09-12 16:00:00,1757692800000,0.27077707,2025-09-13 09:00:00,1757754000000,0.29846015,6554.310719,179.20,0.1010,2.24,移动止盈/止损,0.1724,480.19,0.1724,-0.0173
SOL-USDT-SWAP,多,2025-09-12 12:00:00,1757678400000,239.24392200,2025-09-13 13:00:00,1757768400000,239.91600600,11.716038,4.51,0.0016,3.37,移动止盈/止损,0.2721,484.70,0.2721,-0.0169
BOME-USDT-SWAP,多,2025-09-12 16:00:00,1757692800000,0.00216722,2025-09-13 13:00:00,1757768400000,0.00225077,753406.879094,60.96,0.0373,2.00,移动止盈/止损,0.1586,545.65,0.1586,-0.0111
BONK-USDT-SWAP,多,2025-09-13 12:00:00,1757764800000,0.02686469,2025-09-13 14:00:00,1757772000000,0.02702430,65795.618764,8.37,0.0047,2.13,移动止盈/止损,0.1664,554.03,0.1664,-0.0104
ZEC-USDT-SWAP,多,2025-09-14 00:00:00,1757808000000,53.36533600,2025-09-14 13:00:00,1757854800000,53.02469700,30.021046,-12.14,-0.0076,1.92,移动止盈/止损,0.1518,541.88,0.1518,-0.0115
FIL-USDT-SWAP,多,2025-09-16 20:00:00,1758052800000,2.63626360,2025-09-16 23:00:00,1758063600000,2.55674430,640.414927,-52.92,-0.0313,2.00,移动止盈/止损,0.1602,488.96,0.1602,-0.0165
BNB-USDT-SWAP,多,2025-09-16 20:00:00,1758052800000,956.02559300,2025-09-17 05:00:00,1758085200000,952.24476600,3.649809,-17.98,-0.0052,4.18,移动止盈/止损,0.3310,470.98,0.3310,-0.0182
BTC-USDT-SWAP,多,2025-09-16 20:00:00,1758052800000,116795.37837000,2025-09-17 10:00:00,1758103200000,116305.86825000,0.045132,-28.40,-0.0054,6.31,移动止盈/止损,0.5000,442.58,0.5000,-0.0208
HYPE-USDT-SWAP,多,2025-09-17 20:00:00,1758139200000,56.07460690,2025-09-18 10:00:00,1758189600000,57.94120530,33.262648,59.81,0.0321,2.28,移动止盈/止损,0.1786,502.39,0.1786,-0.0152
BCH-USDT-SWAP,多,2025-09-18 12:00:00,1758196800000,645.68456200,2025-09-18 17:00:00,1758214800000,638.42615100,4.259903,-34.20,-0.0124,3.28,移动止盈/止损,0.2591,468.19,0.2591,-0.0184
SUI-USDT-SWAP,多,2025-09-18 00:00:00,1758153600000,3.77877784,2025-09-18 23:00:00,1758236400000,3.88771119,464.157547,48.43,0.0276,2.14,移动止盈/止损,0.1666,516.62,0.1666,-0.0139
DOT-USDT-SWAP,多,2025-09-19 00:00:00,1758240000000,4.80048000,2025-09-19 02:00:00,1758247200000,4.68353160,369.753912,-45.35,-0.0255,2.10,移动止盈/止损,0.1660,471.27,0.1660,-0.0181
AVAX-USDT-SWAP,多,2025-09-18 00:00:00,1758153600000,31.88818850,2025-09-19 05:00:00,1758258000000,34.36256340,49.320125,120.08,0.0763,1.96,移动止盈/止损,0.1494,591.35,0.1494,-0.0069
NEAR-USDT-SWAP,多,2025-09-18 20:00:00,1758225600000,3.20832080,2025-09-19 11:00:00,1758279600000,3.16168380,422.980067,-21.34,-0.0157,1.62,移动止盈/止损,0.1270,570.00,0.1270,-0.0089
BNB-USDT-SWAP,多,2025-09-20 16:00:00,1758384000000,1025.85257500,2025-09-20 21:00:00,1758402000000,1041.03588600,3.347205,46.67,0.0136,4.15,移动止盈/止损,0.3249,616.67,0.3249,-0.0045
BNB-USDT-SWAP,多,2025-09-21 00:00:00,1758412800000,1062.16620600,2025-09-21 09:00:00,1758445200000,1059.11407800,2.197587,-9.50,-0.0041,2.80,移动止盈/止损,0.2199,607.17,0.2199,-0.0054
ZEC-USDT-SWAP,多,2025-09-21 04:00:00,1758427200000,51.53515300,2025-09-21 09:00:00,1758445200000,50.97490200,53.444842,-33.23,-0.0121,3.29,移动止盈/止损,0.2591,573.94,0.2591,-0.0085
AVAX-USDT-SWAP,多,2025-09-23 08:00:00,1758614400000,35.34853450,2025-09-23 18:00:00,1758650400000,34.12358730,29.457900,-37.31,-0.0358,1.23,移动止盈/止损,0.0985,536.63,0.0985,-0.0120
ZEC-USDT-SWAP,多,2025-09-24 16:00:00,1758729600000,58.47584700,2025-09-25 03:00:00,1758769200000,58.83411600,20.723402,5.97,0.0049,1.46,移动止盈/止损,0.1150,542.59,0.1150,-0.0114
TRX-USDT-SWAP,多,2025-09-27 04:00:00,1758945600000,0.33924392,2025-09-27 07:00:00,1758956400000,0.33729627,15539.921998,-36.57,-0.0069,6.31,移动止盈/止损,0.5000,506.02,0.5000,-0.0149
ZEC-USDT-SWAP,多,2025-09-28 20:00:00,1759089600000,60.39603900,2025-09-29 00:00:00,1759104000000,65.53344600,25.777886,130.48,0.0838,1.95,移动止盈/止损,0.1481,636.50,0.1481,-0.0026
LINK-USDT-SWAP,多,2025-09-28 16:00:00,1759075200000,21.20212000,2025-09-29 05:00:00,1759122000000,21.31786800,139.015326,12.54,0.0043,3.55,移动止盈/止损,0.2805,649.05,0.2805,-0.0015
HYPE-USDT-SWAP,多,2025-09-28 20:00:00,1759089600000,46.58265780,2025-09-29 11:00:00,1759143600000,46.25137440,35.255225,-13.64,-0.0083,1.96,移动止盈/止损,0.1563,635.40,0.1563,-0.0027
ZEC-USDT-SWAP,多,2025-09-29 00:00:00,1759104000000,65.54655400,2025-09-29 13:00:00,1759150800000,68.09319000,17.791879,43.88,0.0376,1.43,移动止盈/止损,0.1091,679.29,0.1091,0.0000
ZEN-USDT-SWAP,多,2025-09-29 08:00:00,1759132800000,7.18971890,2025-09-30 00:00:00,1759190400000,7.06429350,151.274498,-20.27,-0.0186,1.29,移动止盈/止损,0.1013,659.02,0.1013,-0.0019
SOL-USDT-SWAP,多,2025-09-29 20:00:00,1759176000000,214.31142900,2025-09-30 05:00:00,1759208400000,209.82901500,10.440299,-49.45,-0.0221,2.66,移动止盈/止损,0.2092,609.56,0.2092,-0.0065
BTC-USDT-SWAP,多,2025-09-30 00:00:00,1759190400000,114477.24658000,2025-09-30 05:00:00,1759208400000,113845.51431000,0.043569,-33.49,-0.0067,5.97,移动止盈/止损,0.4693,576.07,0.4693,-0.0097
BNB-USDT-SWAP,多,2025-09-29 20:00:00,1759176000000,1028.17280700,2025-09-30 07:00:00,1759215600000,1020.52793700,3.340237,-29.64,-0.0086,4.11,移动止盈/止损,0.3212,546.43,0.3212,-0.0124
ZEN-USDT-SWAP,多,2025-09-30 20:00:00,1759262400000,7.87378730,2025-10-01 03:00:00,1759287600000,7.73122680,130.862821,-19.88,-0.0193,1.23,移动止盈/止损,0.0977,526.55,0.0977,-0.0143
ZEC-USDT-SWAP,多,2025-09-30 20:00:00,1759262400000,76.18761800,2025-10-01 07:00:00,1759302000000,89.14108500,10.419752,133.94,0.1687,1.03,移动止盈/止损,0.0753,660.49,0.0753,-0.0018
APT-USDT-SWAP,多,2025-09-30 20:00:00,1759262400000,4.36153611,2025-10-01 07:00:00,1759302000000,4.43595636,535.395425,37.02,0.0159,2.83,移动止盈/止损,0.2214,697.51,0.2214,0.0000
ZEN-USDT-SWAP,多,2025-10-01 04:00:00,1759291200000,8.14581450,2025-10-01 10:00:00,1759312800000,8.67913200,107.671433,56.34,0.0642,1.09,移动止盈/止损,0.0827,753.84,0.0827,0.0000
ZEC-USDT-SWAP,多,2025-10-01 08:00:00,1759305600000,91.50915000,2025-10-01 10:00:00,1759312800000,90.95090400,6.181566,-4.13,-0.0073,0.68,移动止盈/止损,0.0522,749.71,0.0522,-0.0004
APT-USDT-SWAP,多,2025-10-01 08:00:00,1759305600000,4.53655361,2025-10-01 18:00:00,1759341600000,4.76422353,471.270226,104.66,0.0490,2.63,移动止盈/止损,0.1975,854.38,0.1975,0.0000
LTC-USDT-SWAP,多,2025-10-01 12:00:00,1759320000000,110.77107600,2025-10-02 13:00:00,1759410000000,118.59813900,21.835679,167.90,0.0694,3.01,移动止盈/止损,0.2243,1022.28,0.2243,0.0000
ZEC-USDT-SWAP,多,2025-10-01 20:00:00,1759348800000,119.47194600,2025-10-02 15:00:00,1759417200000,132.53674500,3.037608,39.23,0.1081,0.46,移动止盈/止损,0.0333,1061.51,0.0333,0.0000
XRP-USDT-SWAP,多,2025-10-02 16:00:00,1759420800000,3.04410438,2025-10-03 00:00:00,1759449600000,3.01849812,812.003734,-23.75,-0.0096,2.95,移动止盈/止损,0.2215,1037.76,0.2215,-0.0021
ETH-USDT-SWAP,多,2025-10-02 16:00:00,1759420800000,4447.05466100,2025-10-03 05:00:00,1759467600000,4474.25253000,0.616062,13.46,0.0049,3.30,移动止盈/止损,0.2455,1051.22,0.2455,-0.0009
SOL-USDT-SWAP,多,2025-10-01 12:00:00,1759320000000,218.42184000,2025-10-03 06:00:00,1759471200000,229.22707500,10.606753,111.76,0.0482,2.85,移动止盈/止损,0.2148,1162.98,0.2148,0.0000
UNI-USDT-SWAP,多,2025-10-03 04:00:00,1759464000000,8.36083600,2025-10-03 07:00:00,1759474800000,8.21117880,339.027218,-54.11,-0.0191,3.37,移动止盈/止损,0.2528,1108.87,0.2528,-0.0048
BCH-USDT-SWAP,多,2025-10-03 08:00:00,1759478400000,602.03019700,2025-10-03 15:00:00,1759503600000,609.29906400,6.621962,43.32,0.0109,4.81,移动止盈/止损,0.3589,1152.19,0.3589,-0.0010
BOME-USDT-SWAP,多,2025-10-03 16:00:00,1759507200000,0.00178918,2025-10-03 18:00:00,1759514400000,0.00178582,958018.232423,-5.27,-0.0031,2.05,移动止盈/止损,0.1537,1146.92,0.1537,-0.0014
NEAR-USDT-SWAP,多,2025-10-03 16:00:00,1759507200000,3.03330330,2025-10-04 02:00:00,1759543200000,2.99470050,553.643461,-23.37,-0.0139,2.00,移动止盈/止损,0.1506,1123.55,0.1506,-0.0035
APT-USDT-SWAP,多,2025-10-03 12:00:00,1759492800000,5.33513346,2025-10-04 08:00:00,1759564800000,5.45215473,344.201554,38.05,0.0207,2.23,移动止盈/止损,0.1657,1161.60,0.1657,-0.0001
BNB-USDT-SWAP,多,2025-10-03 20:00:00,1759521600000,1182.41823000,2025-10-04 08:00:00,1759564800000,1156.57433100,1.159203,-31.59,-0.0230,1.63,移动止盈/止损,0.1226,1130.01,0.1226,-0.0030
BTC-USDT-SWAP,多,2025-10-05 04:00:00,1759636800000,125180.01675000,2025-10-05 09:00:00,1759654800000,122985.70020000,0.034370,-80.54,-0.0187,5.12,移动止盈/止损,0.3866,1049.48,0.3866,-0.0102
ETH-USDT-SWAP,多,2025-10-05 04:00:00,1759636800000,4573.61731600,2025-10-05 10:00:00,1759658400000,4540.37591700,0.803120,-31.09,-0.0085,4.39,移动止盈/止损,0.3300,1018.39,0.3300,-0.0130
NEAR-USDT-SWAP,多,2025-10-05 04:00:00,1759636800000,3.06430640,2025-10-05 11:00:00,1759662000000,3.06069390,564.231312,-4.11,-0.0024,2.07,移动止盈/止损,0.1553,1014.28,0.1553,-0.0133
TAO-USDT-SWAP,多,2025-10-06 12:00:00,1759752000000,328.31282800,2025-10-07 00:00:00,1759795200000,343.09568700,9.128809,131.27,0.0438,3.68,移动止盈/止损,0.2721,1145.55,0.2721,-0.0016
BNB-USDT-SWAP,多,2025-10-06 12:00:00,1759752000000,1236.85367300,2025-10-07 01:00:00,1759798800000,1213.46864100,1.962824,-48.79,-0.0201,2.89,移动止盈/止损,0.2204,1096.76,0.2204,-0.0059
BONK-USDT-SWAP,多,2025-10-06 16:00:00,1759766400000,0.02170717,2025-10-07 02:00:00,1759802400000,0.02124588,72389.486996,-35.26,-0.0224,1.87,移动止盈/止损,0.1412,1061.50,0.1412,-0.0091
LINK-USDT-SWAP,多,2025-10-07 00:00:00,1759795200000,23.55835560,2025-10-07 06:00:00,1759816800000,23.02569720,116.308485,-65.20,-0.0238,3.25,移动止盈/止损,0.2466,996.30,0.2466,-0.0149
ETH-USDT-SWAP,多,2025-10-07 12:00:00,1759838400000,4746.47460000,2025-10-07 13:00:00,1759842000000,4701.52980000,0.849239,-42.98,-0.0107,4.81,移动止盈/止损,0.3606,953.32,0.3606,-0.0188
BNB-USDT-SWAP,多,2025-10-07 04:00:00,1759809600000,1245.99458700,2025-10-07 14:00:00,1759845600000,1295.48043900,2.113089,101.35,0.0385,3.22,移动止盈/止损,0.2382,1054.66,0.2382,-0.0097
PENDLE-USDT-SWAP,多,2025-10-07 04:00:00,1759809600000,5.06540649,2025-10-07 14:00:00,1759845600000,4.92750720,508.519150,-73.17,-0.0284,3.05,移动止盈/止损,0.2330,981.49,0.2330,-0.0163
BNB-USDT-SWAP,多,2025-10-08 08:00:00,1759910400000,1321.94218100,2025-10-09 02:00:00,1759975200000,1260.09397800,1.245666,-78.97,-0.0480,1.93,移动止盈/止损,0.1500,902.52,0.1500,-0.0233
ZEN-USDT-SWAP,多,2025-10-08 20:00:00,1759953600000,11.11511140,2025-10-09 06:00:00,1759989600000,11.72682720,66.575701,39.81,0.0538,0.91,移动止盈/止损,0.0674,942.33,0.0674,-0.0198
ZEC-USDT-SWAP,多,2025-10-09 12:00:00,1760011200000,193.64936300,2025-10-10 05:00:00,1760072400000,264.42355500,2.636141,185.85,0.3641,0.72,移动止盈/止损,0.0467,1128.18,0.0467,-0.0031
LTC-USDT-SWAP,多,2025-10-10 00:00:00,1760054400000,128.39283800,2025-10-10 06:00:00,1760076000000,127.65723300,10.500740,-9.34,-0.0069,1.61,移动止盈/止损,0.1223,1118.84,0.1223,-0.0040
ZEN-USDT-SWAP,多,2025-10-10 00:00:00,1760054400000,12.50024990,2025-10-10 15:00:00,1760108400000,14.44655520,54.154682,104.53,0.1544,0.88,移动止盈/止损,0.0614,1223.37,0.0614,0.0000
TAO-USDT-SWAP,多,2025-10-10 08:00:00,1760083200000,369.96699300,2025-10-10 15:00:00,1760108400000,374.28256800,4.208704,16.28,0.0105,1.88,移动止盈/止损,0.1383,1239.65,0.1383,0.0000
LTC-USDT-SWAP,多,2025-10-10 12:00:00,1760097600000,133.18331700,2025-10-10 15:00:00,1760108400000,127.02729600,10.587775,-66.83,-0.0474,1.65,移动止盈/止损,0.1238,1172.82,0.1238,-0.0059
ZEC-USDT-SWAP,多,2025-10-11 08:00:00,1760169600000,285.90858800,2025-10-12 11:00:00,1760266800000,267.52324500,1.009783,-18.90,-0.0655,0.34,移动止盈/止损,0.0258,1153.92,0.0258,-0.0076
BNB-USDT-SWAP,多,2025-10-12 20:00:00,1760299200000,1303.75036200,2025-10-13 11:00:00,1760353200000,1294.49053800,1.037810,-11.23,-0.0083,1.62,移动止盈/止损,0.1213,1142.69,0.1213,-0.0086
TAO-USDT-SWAP,多,2025-10-13 04:00:00,1760328000000,411.64116000,2025-10-13 11:00:00,1760353200000,402.57973800,2.062420,-19.70,-0.0232,1.01,移动止盈/止损,0.0762,1122.99,0.0762,-0.0104
TAO-USDT-SWAP,多,2025-10-13 20:00:00,1760385600000,434.75347100,2025-10-14 04:00:00,1760414400000,417.65823000,1.828215,-32.19,-0.0405,0.94,移动止盈/止损,0.0715,1090.80,0.0715,-0.0132
TAO-USDT-SWAP,多,2025-10-19 12:00:00,1760875200000,447.90478600,2025-10-20 00:00:00,1760918400000,436.31636400,2.205421,-26.73,-0.0271,1.17,移动止盈/止损,0.0891,1064.08,0.0891,-0.0156
VIRTUAL-USDT-SWAP,多,2025-10-20 04:00:00,1760932800000,0.81228122,2025-10-20 09:00:00,1760950800000,0.80821917,2032.549130,-10.23,-0.0062,1.98,移动止盈/止损,0.1490,1053.84,0.1490,-0.0165
DOGE-USDT-SWAP,多,2025-10-20 04:00:00,1760932800000,0.20088009,2025-10-20 16:00:00,1760976000000,0.19829017,10700.903359,-30.28,-0.0141,2.56,移动止盈/止损,0.1940,1023.57,0.1940,-0.0192
LINK-USDT-SWAP,多,2025-10-20 12:00:00,1760961600000,19.00590040,2025-10-20 16:00:00,1760976000000,18.62613720,85.916314,-34.57,-0.0212,1.94,移动止盈/止损,0.1472,989.00,0.1472,-0.0223
XRP-USDT-SWAP,多,2025-10-20 20:00:00,1760990400000,2.53155313,2025-10-21 01:00:00,1761008400000,2.46715326,897.367534,-60.48,-0.0266,2.69,移动止盈/止损,0.2046,928.52,0.2046,-0.0277
ZEC-USDT-SWAP,多,2025-10-20 00:00:00,1760918400000,241.92419000,2025-10-21 02:00:00,1761012000000,263.96360100,3.629032,78.88,0.0898,1.10,移动止盈/止损,0.0794,1007.40,0.0794,-0.0207
WIF-USDT-SWAP,多,2025-10-21 16:00:00,1761062400000,0.57355735,2025-10-21 20:00:00,1761076800000,0.55094490,2064.126769,-48.07,-0.0406,1.39,移动止盈/止损,0.1076,959.33,0.1076,-0.0249
HYPE-USDT-SWAP,多,2025-10-23 12:00:00,1761220800000,40.31703130,2025-10-24 03:00:00,1761274800000,39.45905370,30.636761,-27.75,-0.0225,1.47,移动止盈/止损,0.1127,931.58,0.1127,-0.0274
VIRTUAL-USDT-SWAP,多,2025-10-24 08:00:00,1761292800000,0.92329232,2025-10-24 09:00:00,1761296400000,0.85531446,916.218463,-63.26,-0.0748,0.98,移动止盈/止损,0.0775,868.32,0.0775,-0.0330
BNB-USDT-SWAP,多,2025-10-23 16:00:00,1761235200000,1135.26351500,2025-10-24 13:00:00,1761310800000,1120.37795100,1.418174,-23.03,-0.0143,1.92,移动止盈/止损,0.1471,845.29,0.1471,-0.0351
LTC-USDT-SWAP,多,2025-10-24 20:00:00,1761336000000,96.75967500,2025-10-25 10:00:00,1761386400000,96.10038900,36.054411,-27.94,-0.0080,4.17,移动止盈/止损,0.3217,817.35,0.3217,-0.0376
VIRTUAL-USDT-SWAP,多,2025-10-24 20:00:00,1761336000000,0.92839283,2025-10-25 22:00:00,1761429600000,1.27297269,881.738501,302.66,0.3697,1.16,移动止盈/止损,0.0755,1120.01,0.0755,-0.0106
XRP-USDT-SWAP,多,2025-10-25 00:00:00,1761350400000,2.52475245,2025-10-25 22:00:00,1761429600000,2.59944003,1195.116446,85.59,0.0284,3.67,移动止盈/止损,0.2767,1205.60,0.2767,-0.0030
TAO-USDT-SWAP,多,2025-10-26 00:00:00,1761436800000,404.19041500,2025-10-26 02:00:00,1761444000000,391.09088700,5.088577,-69.09,-0.0336,2.43,移动止盈/止损,0.1812,1136.51,0.1812,-0.0092
BCH-USDT-SWAP,多,2025-10-26 00:00:00,1761436800000,512.22121700,2025-10-26 11:00:00,1761476400000,538.72612200,6.827991,176.67,0.0505,4.31,移动止盈/止损,0.3082,1313.18,0.3082,0.0000
ZEN-USDT-SWAP,多,2025-10-26 12:00:00,1761480000000,13.57235710,2025-10-26 13:00:00,1761483600000,13.00369950,65.591056,-38.34,-0.0431,1.05,移动止盈/止损,0.0755,1274.84,0.0755,-0.0034
HYPE-USDT-SWAP,多,2025-10-25 12:00:00,1761393600000,41.36213580,2025-10-26 20:00:00,1761508800000,47.02529700,51.587751,289.41,0.1356,2.74,移动止盈/止损,0.1914,1564.25,0.1914,0.0000
ZEC-USDT-SWAP,多,2025-10-26 04:00:00,1761451200000,289.38893600,2025-10-26 23:00:00,1761519600000,324.20757600,4.173703,143.79,0.1190,1.54,移动止盈/止损,0.1074,1708.04,0.1074,0.0000
VIRTUAL-USDT-SWAP,多,2025-10-26 20:00:00,1761508800000,1.33373336,2025-10-27 06:00:00,1761544800000,1.48845114,631.062248,96.57,0.1147,1.07,移动止盈/止损,0.0715,1804.60,0.0715,0.0000
HYPE-USDT-SWAP,多,2025-10-27 00:00:00,1761523200000,48.18381790,2025-10-27 07:00:00,1761548400000,47.30926860,34.379837,-32.04,-0.0193,1.97,移动止盈/止损,0.1403,1772.57,0.1403,-0.0027
TRUMP-USDT-SWAP,多,2025-10-27 16:00:00,1761580800000,7.31973190,2025-10-27 19:00:00,1761591600000,7.47325260,148.074456,21.42,0.0198,1.31,移动止盈/止损,0.0921,1793.99,0.0921,-0.0009
ZEN-USDT-SWAP,多,2025-10-26 16:00:00,1761494400000,14.18841870,2025-10-27 20:00:00,1761595200000,13.51764810,41.957765,-28.84,-0.0484,0.70,移动止盈/止损,0.0504,1765.14,0.0504,-0.0033
LTC-USDT-SWAP,多,2025-10-27 16:00:00,1761580800000,102.70026900,2025-10-27 21:00:00,1761598800000,100.15998300,23.104861,-61.51,-0.0259,2.81,移动止盈/止损,0.2016,1703.64,0.2016,-0.0086
TON-USDT-SWAP,多,2025-10-28 12:00:00,1761652800000,2.31183116,2025-10-28 14:00:00,1761660000000,2.27037294,970.907476,-42.92,-0.0191,2.67,移动止盈/止损,0.1903,1660.72,0.1903,-0.0122
TAO-USDT-SWAP,多,2025-10-28 04:00:00,1761624000000,421.40213600,2025-10-28 20:00:00,1761681600000,423.75762000,3.293259,6.09,0.0044,1.67,移动止盈/止损,0.1186,1666.80,0.1186,-0.0117
TRUMP-USDT-SWAP,多,2025-10-29 12:00:00,1761739200000,8.37483740,2025-10-30 04:00:00,1761796800000,8.02419750,104.269962,-37.59,-0.0430,1.03,移动止盈/止损,0.0748,1629.22,0.0748,-0.0149
ZEC-USDT-SWAP,多,2025-10-31 04:00:00,1761883200000,377.33773000,2025-10-31 12:00:00,1761912000000,359.54404200,1.916132,-34.94,-0.0483,0.85,移动止盈/止损,0.0622,1594.28,0.0622,-0.0178
ZEC-USDT-SWAP,多,2025-10-31 20:00:00,1761940800000,386.47864400,2025-11-01 00:00:00,1761955200000,407.22927300,2.024159,41.04,0.0525,0.96,收盘清算,0.0675,1635.31,0.0675,-0.0143
ZEN-USDT-SWAP,多,2025-11-01 00:00:00,1761955200000,15.55755560,2025-11-01 00:00:00,1761955200000,15.55444440,35.896556,-0.78,-0.0014,0.67,收盘清算,0.0480,1634.53,0.0480,-0.0144
